0000036000003|"Ed Gentle Mint Floss 100 Yd"|3|16.47
0000036000006|"Ed Mint Toothpowder 2 Oz"|1|4.49
0000036006200|"Ed Medium Toothbrush & Refill"|1|3.99
0000036006400|"Ed Medium Refill 3-Pack"|1|3.99
0000051860001|"Rainbow Kids Shampoo"|1|6.99
0000827400005|"Reeds Single Rasp. Ginger Ale"|4|5.16
0000827400007|"Reeds Extra Ginger Ale Single"|15|19.35
0000827400009|"Reeds Premium Ginger Ale"|7|9.03
0000827433333|"Reeds Premium Ginger Ale 4Pack"|2|10.3
0000827444444|"Reeds Extra Ginger Ale 4-Pack"|1|5.15
0000846300181|"Okanogan Pinot Gris"|1|11.99
0000903000001|"Mh Natural Balm"|1|2.49
0000912500016|"A-V Boont Amber Six Pack"|4|39.96
0000912500146|"A-V Hop Ottin Ipa Six Pack"|10|99.9
0000912500170|"A-V 20th Anniv. Imperial IPA"|4|23.96
0001087801028|"Ling Ling Vegetable Potsticker"|4|13.96
0001090000015|"Reynolds Wrap"|1|4.89
0001101310021|"Citra-Solv 8oz"|1|6.49
0001120600034|"Edward Tamari Rice Snaps"|3|11.67
0001120600074|"Premier Japan"|1|3.49
0001120600085|"Premier Japan Hoisin Sauce"|1|4.79
0001120600086|"Premier Japan Teriyaki Sauce"|1|4.89
0001120600419|"Wizardwrchstrshr"|1|4.49
0001121000001|"Mcilhennys Tabasco Sauce"|1|2.19
0001121000609|"Tabasco Habanero Sauce"|1|2.19
0001251110500|"Wholesome Organic Sucanat"|1|4.29
0001251121232|"Wholesome 23.5oz. Blue Agave"|3|20.97
0001251132004|"Wholesome Powdered Sugar"|1|4.29
0001251140600|"Wholesome 2Lbs. Sugar"|2|9.38
0001356200004|"Annies Shells & White Cheddar"|4|7.96
0001356200006|"Annies Whole Wheat Shells"|2|5.18
0001356230062|"Annies Family White Cheddar"|1|3.39
0001356230084|"Annies Shells & Aged Cheddar"|6|11.94
0001356230097|"Annies Organic Alfredo Pasta"|1|2.39
0001356230098|"Annies Org. Shells & Cheddar"|3|7.77
0001356230210|"Annies Deluxe Cheddar"|1|3.89
0001356230212|"Annies Deluxe Four Cheese"|2|6.98
0001356230215|"Annies 7.5Oz. Cheddar Bunnies"|1|2.29
0001356240000|"Annies Bunny Love Cereal"|1|4.69
0001376400300|"Naturebake Stone Whole Wheat"|6|21.54
0001376400500|"Naturebake Surviva"|10|32.9
0001376400704|"Naturebake Sunflower"|4|14.36
0001376401200|"Naturebake Spelt"|5|22.45
0001376401500|"Naturebake 4X5 Grain"|8|28.72
0001376402701|"Daves Blues Bread"|20|85.8
0001376402702|"Daves Nuts and Grains Bread"|8|36.72
0001376402703|"Daves Good Seed Bread"|23|98.67
0001376402708|"Daves Goodseed Spelt Bread"|19|92.91
0001376402709|"Daves Powerseed Bread"|19|92.91
0001376402710|"Daves Sprouted Wheat"|20|97.8
0001376403108|"Naturebake Hot Dog Buns"|3|8.67
0001376403208|"Naturebake Sandwich Buns"|6|17.34
0001376405812|"Naturebake Chocolate Chip"|2|9.78
0001376405813|"Naturebake Ginger Meltaways"|1|4.19
0001379105014|"Kourtika Retsina"|1|6.99
0001553210105|"Montebello Conchiglie"|1|3.99
0001553210106|"Montebello Strozzapretti"|1|3.99
0001566510350|"Roberts Tings"|5|14.45
0001566560100|"Roberts Pirates Booty"|4|11.56
0001566560915|"Roberts Veggie Booty"|11|31.79
0001583900003|"Garden Red Hot Blue Chips"|3|8.97
0001583900843|"Garden Chili Lime"|9|26.91
0001625100580|"Stonewalls Spicy Chicken"|5|7.45
0001625100581|"Stonewalls Pepperoni Jerky"|3|4.47
0001625100582|"Stonewalls Teriyaki Beef"|1|1.49
0001625100585|"Stonewalls Cajun Bacon"|5|7.45
0001646842061|"Salmolux Smoked Original"|12|41.88
0001646842062|"Salmolux Smoked Cajun"|6|20.94
0001646842063|"Salmolux Smoked Crack Pepper"|14|48.86
0001646842064|"Salmolux Smoked Garlic Pep"|4|13.96
0001646844297|"Salmolux Nova Lox"|1|3.49
0001646844670|"Salmolux Salmon Burgers"|1|6.29
0001669700065|"Deloach Zinfandel"|2|19.98
0001738590001|"Glen Fiona Syrah"|1|14.99
0001748190179|"Honeyrun Mead"|1|11.99
0001748190180|"Honeyrun Elderberry Mead"|1|11.99
0001750004403|"Bom Ami Cleanser"|4|7.16
0001780100503|"Feit 60W Bulbs 4 Pack"|1|2.89
0001780100505|"Feit 100W Bulbs 4 Pack"|1|2.89
0001792900020|"Red Star Dry Yeast"|1|2.59
0001864600036|"Rising Sun Farms Tomato Pesto"|1|5.99
0001864600056|"Rising Sun Farms Classic Pesto"|3|17.97
0001878776104|"Dr. Bs Almond Soap 4Oz"|1|3.79
0001878776116|"Dr. Bs Almond Soap 16Oz"|1|8.99
0001878776204|"Dr. Bs Baby Soap 4Oz"|1|3.79
0001878776216|"Dr. Bs Baby Soap 16Oz"|1|8.99
0001878776304|"Dr. Bs Eucalyptus Soap 4Oz"|1|3.79
0001878776316|"Dr. Bs Eucalyptus Soap 16Oz"|1|8.99
0001878776404|"Dr. Bs Lavender Soap 4Oz"|1|3.79
0001878776416|"Dr. Bs Lavender Soap 16Oz"|1|8.99
0001878776504|"Dr. Bs Peppermint Soap 4Oz"|1|3.79
0001878776916|"Dr. Bs Tea Tree Soap 16Oz"|1|8.99
0001878810109|"Redmond Real Salt"|1|2.89
0001906600195|"Sonoma Guacamole"|3|11.67
0001945800012|"Carmens White Corn Tortillas"|13|14.17
0001945800016|"Carmens Tortilla Chips"|38|83.22
0001957030001|"Soaringheart Original Hummus"|7|20.93
0001957030006|"Soaringheart Garlic Hummus"|8|23.92
0001981553070|"De Casa Garlic Lover"|7|23.03
0001981553071|"De Casa Artichokeparmesan Dip"|1|3.29
0001981570003|"decadence espresso buttons"|1|2.69
0001981570004|"Chocdec Pretzel Button"|2|5.98
0001981570006|"Chocdec Peanut Butter Button"|2|5.98
0002018801301|"Tofutti Vanilla Cuties"|4|17.16
0002018801308|"Tofutti Peanut Butter Cuties"|1|4.29
0002018805025|"Tofutti Cream Cheese"|14|48.86
0002018806013|"Tofutti Sour Cream"|2|5.98
0002066200001|"Newmans Olive Oil & Vinegar"|1|2.89
0002107800021|"Sn Wellness Formula 45Ct"|1|9.59
0002107800022|"Sn Wellness Formula 90Ct"|1|16.79
0002107800915|"Sn Wellness Zinc Lozenges"|1|4.79
0002107801253|"Glucosamine w/MSM 60tab"|1|23.99
0002107802051|"SN Wellness Fizz"|1|5.59
0002107810097|"Ph Cherry Bark Syrup 4Oz."|1|8.49
0002159600005|"Say La Vie Pastillines"|2|3.98
0002188811481|"Rl Multilieve"|1|6.99
0002188811502|"Rl Supraclear"|2|13.98
0002188812053|"RL Vitamin D Sunny Gummies"|1|8.99
0002190850187|"Cascadian Farms Spud Puppies"|8|26.32
0002190850197|"Cascadian Farms French Fries"|2|6.58
0002190896513|"Cascadian Farms Lemonade"|2|8.38
0002190896516|"Cascadian Farms Orange Juice"|8|33.52
0002190896540|"Cascadian Farms Cranberry"|2|8.38
0002231800007|"Hg Propolis Throat Spray"|2|16.98
0002250600239|"Spectrum Omega-3 Mayonnaise"|1|5.79
0002250600240|"Spectrum Organic Mayo 32oz"|2|14.38
0002250600387|"Spectrum Olive Oil Mayonnaise"|1|4.79
0002250620116|"Spectrum Canola Mayonnaise"|2|7.98
0002325458223|"Hains Wheatettes"|5|14.95
0002336330516|"Ei Ginkgo 50 V-Cap"|1|9.99
0002354708261|"Sushi Sonic Wasabi Powder"|1|7.39
0002354730041|"Emerald Cove Untoasted Nori"|4|17.96
0002354740001|"Misomaster Barley Miso"|3|23.07
0002354740041|"Misomaster Chickpea Miso"|1|7.49
0002354782201|"Organic Planet Udon Noodles"|1|2.39
0002354788101|"Organic Planet Soba Noodles"|3|7.17
0002392320013|"Earths Best Apples & Apricot"|1|0.79
0002392320022|"Earths Best BananaPeachRasp."|1|0.79
0002392330031|"Earths Best Sweet Potato"|2|1.58
0002392330032|"Earths Best Peas & Brown Rice"|2|1.58
0002392390001|"Earths Best Rice Cereal"|1|3.39
0002392390016|"Earthsbest Teething Biscuits"|2|5.18
0002418200024|"Eden Hot Pepper Sesame Oil"|1|5.59
0002418200028|"Eden Toasted Sesame Oil"|1|3.79
0002418200117|"Eden Pizza Sauce"|4|9.56
0002418200212|"Eden Stoneground Mustard"|1|3.39
0002418200250|"Eden Pinto Beans"|5|9.45
0002418200251|"Eden Garbanzo Beans"|2|3.78
0002418200253|"Eden Black Beans"|12|22.68
0002418200254|"Eden Kidney Beans"|4|7.56
0002418200255|"Eden Navy Beans"|1|1.89
0002418200256|"Eden Cannellini Beans"|4|7.56
0002418200258|"Eden Lima Beans"|1|1.89
0002418200259|"Eden Black Eyed Peas"|9|17.01
0002418200272|"Eden Caribbean Black Beans"|4|7.16
0002418200285|"Eden Baked Beans"|3|8.07
0002418200295|"Eden Spicy Refried Pinto Beans"|1|2.19
0002418201115|"Eden 15Oz. Crushed Tomatoes"|4|7.16
0002418201130|"Eden Diced Tomatoes"|9|15.21
0002418201132|"Eden Diced Tomatoes W/Onion"|4|6.76
0002418202505|"Eden Original Soymilk"|7|20.93
0002418202506|"Eden Unsweetened Soymilk"|2|5.98
0002418202535|"Eden Extra Soymilk"|3|10.17
0002418202545|"Eden Extra Vanilla Soymilk"|1|3.59
0002418202905|"EdenBlend Rice & Soy 32 oz"|3|9.87
0002418218120|"Eden Organic Kukicha Tea"|2|6.58
0002418218145|"Eden Organic Hojicha Tea"|1|3.29
0002418249115|"Eden Barley Malt"|1|6.29
0002433511216|"Bearitos Taco Shells"|1|2.89
0002433516006|"Bearitos Traditional Refried B"|8|15.92
0002446306116|"Sriracha 28Oz. Hot Sauce"|1|3.69
0002486612299|"Full Sail Boardhead Barleywine"|2|7.98
0002486612991|"Full Sail Seasonal Sixer"|10|79.9
0002486647000|"Full Sail Sessions"|4|49.96
0002529330016|"Whitewave Seitan 8Oz"|3|11.97
0002529360037|"Silk Plain Soymilk Quart"|7|16.73
0002529360040|"Silk Creamer Pint"|2|3.58
0002529360042|"Silk Creamer Quart"|7|27.23
0002529360043|"Silk French Vanilla Creamer Pt"|10|17.9
0002529360054|"Silk Mocha 32 oz"|2|5.98
0002531710100|"Applegate Farms Sunday Bacon"|5|23.45
0002531732100|"Applegate Farms Spin Feta Saus"|3|24.87
0002531732200|"Applegate Sweet Italian Sausge"|3|24.87
0002531756500|"Applegate Farms Turkey Burgers"|1|7.49
0002531758600|"Applegate Farms Sliced Turkey"|11|58.19
0002531765600|"Applegate Farms Salami"|3|16.77
0002548400041|"Nasoya Nayonnaise"|2|8.78
0002558300001|"Turtle Island Superburgers"|1|3.29
0002558300140|"Turtle Island Spicy Tempeh"|4|10.36
0002558300422|"Tofurkey Peppered Slices"|3|9.27
0002558300602|"Tofurkey Italian Sausage"|7|27.93
0002558300603|"Tofurkey Kielbasa"|7|27.93
0002558311500|"Tofurky Original Jerky"|1|2.99
0002558311501|"Tofurky Peppered Jerky"|4|11.96
0002558366873|"Tofurkey Oven Roasted Slices"|2|6.18
0002558366874|"Tofurkey Smoked Slices"|3|9.27
0002706459606|"Vitaspelt Sourdough Pretzels"|5|14.95
0002727520002|"Auromere Licorice Toothpaste"|2|11.78
0002727540001|"Auromere Tumeric Sandal Soap"|2|3.98
0002818962870|"Hatch Sliced Jalapenos"|2|1.78
0002836783132|"Kmf Lavender Liquid Roll-On"|1|4.99
0002842274003|"Ohana  Chicken Potstickers"|2|7.38
0002842274007|"Ohana Indian Curry Potsticker"|1|3.69
0002883304100|"Alvarado Sprouted Wheat Bagel"|1|3.99
0002883312000|"Alvaroado St. Multi grain"|1|3.49
0002999200112|"Cc Comfrey Aloe Salve"|1|7.69
0003000021705|"Mothers Bumpers Cereal"|4|13.16
0003004201201|"Glorybee Clover Honey"|3|11.37
0003004201205|"Glorybee Raspberry Honey"|1|3.79
0003004260323|"Aunt Pattys Agave Syrup"|1|3.89
0003004260422|"Auntpattys Brown Rice Syrup"|3|12.57
0003004279100|"Aunt Pattys Dark Agave"|1|3.89
0003026400110|"Grainaissance Raisin Mochi"|3|11.07
0003026400120|"Grainaissance Sesame Garlic  M"|2|7.38
0003026400210|"Amazake Almond"|6|15.54
0003026400610|"Amazake Chocolate Almond"|5|12.95
0003026400810|"Amazake Go Hazelnuts"|3|7.77
0003026401410|"Amazake Gimme Green"|5|14.95
0003026401810|"Amazake Tiger Chai"|2|5.18
0003026402110|"Amazake Cool Coconut"|6|17.94
0003068403502|"Midel Ginger Snaps"|4|9.96
0003068476890|"Midel Wf Ginger Snaps"|3|7.47
0003087120016|"Wildwood Soy Yogurt"|5|16.95
0003096100620|"Jaques Frelin Vin De Pays"|1|9.49
0003100944563|"Glass Storage Bowl With Lid"|2|5.98
0003114235900|"Bel Gioioso Grated Parmesan"|4|11.96
0003114255601|"Bel Gioioso Shredded Asiago"|2|5.98
0003114290065|"Bel Gioioso"|1|5.49
0003152700013|"Dinar Whole Wheat Pita"|8|19.12
0003152700014|"Dinar Sesame Pita"|8|19.12
0003211012001|"Shoyeido Daigen-Koh Incense"|1|4.49
0003211012201|"Shoyeido Hoyei-Koh Incense"|1|2.19
0003211012401|"Kyo-nishiki Incense"|1|2.49
0003211021502|"Shoyeido Love Incense"|1|4.39
0003211023202|"Kyoto Moon Tranquility Incense"|1|3.99
0003211023302|"Kyoto Moon Abundance Insense"|1|3.99
0003239509388|"Rose Valley Salted Butter"|4|23.96
0003239509399|"Rose Valley Unsalted Butter"|5|29.95
0003291700009|"Tm Smooth Move Tea"|3|16.47
0003291700013|"Tm Throat Coat Tea"|4|21.96
0003291700015|"Tm Breathe Easy Tea"|1|5.49
0003291700031|"Tm Pms Tea"|1|5.49
0003291700042|"Tm Womens Liberty Tea"|1|5.49
0003291700086|"Tm Cran Aid Tea"|1|5.49
0003291700151|"Tm Golden Ginger Tea"|1|5.49
0003291700158|"Tm Cold Season Sampler"|1|5.49
0003297616856|"Lick Your Chops Lamb & Rice"|1|1.99
0003297627000|"Lick Your Chops Turkey Potato"|1|0.99
0003297627001|"Lick Your Chops Salmon Whitef"|3|2.97
0003301700105|"Nile Spice Lentil Curry"|1|1.49
0003301700113|"Nile Spice Parmesan Coucous"|3|4.47
0003338390102|"5lb Bag of Russets"|4|11.96
0003361734061|"Wasa Sourdough"|1|2.89
0003367402070|"Natures Way Activated Charcoal"|1|10.49
0003377601170|"Earth Balance Spread 16Oz"|10|32.9
0003377601171|"Og Earth Balance Whip Spread"|4|19.56
0003377601174|"Earth Balance Buttery Sticks"|1|3.29
0003377601177|"Earth Balance Spread 3 Pound"|3|27.57
0003391910001|"China Cola Single"|1|1.19
0003419971881|"Dae Han Organic Firm Tofu"|38|64.22
0003419971882|"Dae Han Organic Regular Tofu"|8|13.52
0003419971896|"Dae Han Teriyaki Baked Tofu"|10|25.9
0003419971897|"Dae Han Smoked Baked Tofu"|3|7.77
0003419971913|"Dae Han Spicy Kim Chee"|4|11.96
0003419971919|"Dae Han Hot & Spice Baked Tofu"|2|5.18
0003452912357|"Maine Coast Sea Chips"|4|11.96
0003574215179|"Healthvalley Rice Crunchem"|5|14.95
0003574224104|"Health Valley Chunky Chili"|3|6.57
0003588300501|"Pet Guard Fish Chicken Liver"|4|5.56
0003588300510|"Petguard Premium Feast Catfood"|5|11.45
0003619211262|"Santa Cruz Ginger Ale Single"|12|10.2
0003619211264|"Santa Cruz Orange Mango Single"|12|10.2
0003619212144|"Santa Cruz Sparkling Limeade"|2|5.58
0003619212220|"Santa Cruz Lemon Ginger Echin."|1|3.99
0003619212222|"Santa Cruz Limeade"|2|5.78
0003619212233|"Santa Cruz Cider N"|1|3.39
0003619212245|"Santa Cruz Lemonade"|5|14.95
0003619212246|"Santa Cruz Strawberry Lemonade"|2|5.98
0003619212247|"Santa Cruz Raspberry Lemonade"|2|5.98
0003678400010|"Mothers Salted Butter"|5|16.45
0003678400020|"Mothers Unsalted Butter"|4|13.16
0003699800609|"El Burrito Soyrizo"|4|15.56
0003701424225|"Endangered Black Rhino"|7|19.53
0003701424226|"Endangered Mint"|5|13.95
0003701424230|"Endangered Wolf Bar"|3|8.37
0003701424247|"Endangered Panther Bar"|6|16.74
0003701424248|"Endangered Bat Bar"|7|19.53
0003701425003|"Endangered Dark Choc Bite"|13|6.37
0003701425007|"Endangered Mint Bite"|30|17.7
0003701427007|"Endangered Dark Tangerine"|1|1.59
0003701427010|"Endangered Dark Chocolate"|1|1.59
0003879490907|"Cedarlane Vegetable Lasagna"|5|23.45
0003927804010|"Pop Ginger Honey Crystals"|2|6.98
0003927870051|"Pop Ginseng+Royal Jelly Vial"|5|3.45
0003927870111|"Pop Panax Ginseng Vial"|7|3.43
0003927892110|"Pop Ginseng Honey Slices"|2|1.58
0003949600101|"Cypress Grove Plain Chevre"|4|18.36
0003949600105|"Cypress Grove Herb Chevre"|3|13.77
0003963100042|"Edward Roasted Onion Snaps"|1|3.89
0003967577777|"Havea Corn Chips"|17|30.43
0003997800110|"Bobs Red Mill 10 Grain Cereal"|2|5.38
0003997800462|"Red Mill Gluten-Free Pancake M"|1|4.39
0003997800464|"Bobs Gluten Free Brownie Mix"|1|6.49
0003997800803|"Bobsredmill Fiber Cereal"|1|3.59
0003997800919|"Bobs Red Mill Polenta"|1|2.99
0003997802991|"Bobs Red Mill Org White Flour"|1|4.59
0003997853301|"Bobs Red Mill 5Lbs. White Flo"|1|3.29
0004055903300|"Uncleddie Chocolate Chip"|1|5.89
0004055903301|"Uncleddie Oatmeal Raisin"|1|4.99
0004055903302|"Uncleddie Peanut Butter"|4|23.56
0004055903303|"Uncleddie Oat Chocolate Chip"|2|11.78
0004125300400|"Napoleon Artichoke Hearts"|1|3.19
0004125300601|"Napolean Baby Corn"|2|3.58
0004125310211|"Napoleon Tri-Color Tortellini"|1|2.79
0004125337100|"Napolean Piqello Peppers"|1|3.99
0004150706590|"Thayers Cherry Elm Lozenges"|1|2.29
0004150706600|"Thayers Slippery Elm Lozenges"|2|4.58
0004150707006|"Thayers Lavender Witch Hazel"|1|8.99
0004150880064|"San Pellegrino Limonita Single"|10|5.5
0004157004426|"Blue Diamond Almond Nut Thins"|4|11.96
0004157004427|"Bluediamond Hazelnut Thins"|3|8.97
0004157004431|"Bluediamond Almond Thins"|2|5.98
0004157005401|"Bluediamond Cheddar Thins"|1|2.99
0004157005413|"Blue Diamond Unsweet Almond"|9|25.11
0004157006827|"Blue Diamond Almond Breeze"|5|13.95
0004157006837|"Blue Diamond Chocolate Almond"|7|19.53
0004161700225|"Rumford Baking Powder"|1|2.59
0004179500039|"Joyva Sesame Crunch"|3|1.47
0004195400009|"ZAND Elderberry Zinc Lozenges"|3|8.67
0004195400012|"Zand Orange C Lozenges"|3|8.67
0004195400014|"Zand Echinacea Zinc Lozenges"|2|5.78
0004195402093|"Zand Quick Digest Roll"|1|1.99
0004217519600|"Blue Sky Blue Energy Drink"|3|6.57
0004217519725|"Blue Sky Black Cherry Soda"|9|7.2
0004217519726|"Blue Sky Organic Ginger Ale"|13|10.4
0004217519727|"Blue Sky Organic Cola"|11|8.8
0004217519728|"Blue Sky Organic Orange Divine"|6|4.8
0004217519729|"Blue Sky Lemon Lime Soda"|3|2.4
0004217519730|"Blue Sky Organic Root Beer"|9|7.2
0004217519801|"Blue Sky Green Tea Soda"|27|17.55
0004217519803|"Blue Sky White Tea Soda"|27|17.55
0004217519804|"Blue Sky Red Tea Soda"|8|5.2
0004227200010|"Amys California Burgers"|2|9.38
0004227200021|"Amys Broccoli Cheese Pie"|5|14.95
0004227200023|"Amys Shepherds Pie"|6|17.94
0004227200026|"Amys Vegetarian Pot Pie"|3|8.97
0004227200030|"Amys Macaroni & Cheese"|1|3.39
0004227200045|"Amys Rice Mac & Cheese"|3|10.17
0004227200070|"Amys Non-Dairy Burrito"|10|19.9
0004227200071|"Amys Bean & Cheddar Burrito"|12|23.88
0004227200072|"Amys Breakfast Burrito"|11|21.89
0004227200081|"Amys Black Bean Enchilada"|5|14.95
0004227200093|"Amys Spinach Pockets"|1|2.89
0004227200101|"Amys Cheese Pizza"|3|14.97
0004227200102|"Amys Spinach Pizza"|9|44.91
0004227200103|"Amys Roasted Vegetable Pizza"|1|8.39
0004227200104|"Amys Pesto Broccoli Pizza"|3|25.17
0004227200109|"Amys Mushroom Pizza"|7|34.93
0004227200132|"Amys Thai Stir Fry"|1|4.99
0004227200162|"Amys country Cheddar Bowl"|2|9.98
0004227200163|"Amys Mexican Casserole"|1|4.99
0004227200176|"Amys Pesto Tortellini Bowl"|1|4.99
0004227200261|"Amys Indian Spinach Tofu Wrap"|4|7.96
0004227200502|"Amys Lentil Soup"|12|23.88
0004227200503|"Amys No Chicken Noodle Soup"|9|17.91
0004227200504|"Amys Black Bean Soup"|6|11.94
0004227200506|"Amys Cream of Mushroom Soup"|2|3.98
0004227200507|"Amys Minestrone Soup"|5|9.95
0004227200508|"Amys Vegetable Barley Soup"|2|3.98
0004227200510|"Amys Medium Chili"|4|10.36
0004227200512|"Amys Spicy Chili"|2|5.58
0004227200513|"Amys Thai Coconut Soup"|10|19.9
0004227200519|"Amys Tuscan Bean Soup"|11|21.89
0004227200536|"Amys Tomato Bisque Soup"|5|9.95
0004227200547|"Amys Fire Roasted Veggy Soup"|6|11.94
0004227200550|"Amys Refried Pinto Beans"|1|2.29
0004227200551|"Amys Refried Black Beans"|3|6.87
0004251543501|"Lewis Labs Brewers Yeast"|1|14.45
0004256300118|"Gourmet Artisan Olive Oil"|1|13.29
0004256300130|"Woodstock Farms Mixed Berrys"|4|18.36
0004256300136|"Frozen Organic Red Raspberries"|2|9.18
0004256300225|"Natural Sea Fish Sticks"|5|27.95
0004256300300|"Natural Sea Pink Salmon"|2|5.98
0004256300600|"Natural Sea Chunk Tuna"|11|15.29
0004256300743|"Woodstk Ketchup"|5|16.95
0004256300763|"Woodstock Farms Frozen Mangos"|3|10.77
0004256300775|"Natural Sea Albacore Tuna"|3|8.37
0004256300977|"Woodstock Farms Peach Slices"|1|4.59
0004256301117|"Woodstock Carrot Orange Mango"|2|7.38
0004260812519|"Lakewood 12Oz. Pomegranate"|1|2.39
0004260812521|"Lakewood Pomegranate Blueberry"|4|9.56
0004260812575|"Lakewood Lemon Juice"|4|11.96
0004260812576|"Lakewood Lime Juice"|1|3.69
0004260843202|"Lakewood Pure Carrot"|1|5.39
0004260845310|"Lakewood 12.5Oz. Cranberry"|4|10.76
0004260845390|"Lakewood Orange Mango"|2|4.78
0004260845975|"Lakewood Pink Grapefruit"|2|9.98
0004260847002|"Lakewood Pure Cranberry"|1|10.49
0004260847017|"Lakewood Lemon Ginger Echina."|5|16.45
0004260847019|"Lakewood 12Oz. Pomegranate"|14|46.06
0004260847021|"Lakewood Pomegranate Blueberry"|8|26.32
0004260847023|"lakewood Pomegranate Cranberry"|3|9.87
0004319210012|"Nancys Lemon Yogurt 8 oz"|5|5.45
0004319210050|"Nancys Honey Yogurt 16 oz"|3|6.57
0004319210100|"Nancys Honey Yogurt 32 oz"|12|35.88
0004319210401|"Nancys NF Vanilla 32 oz"|4|19.96
0004319210500|"Nancys Org Whole Yogurt 32 oz"|6|26.34
0004319210600|"Nancys Organic LF Yogurt 32 oz"|4|17.56
0004319211021|"Nancys Blackberry Yogurt "|1|1.49
0004319211510|"Nancys Plain Whole Yogurt 6 oz"|5|7.45
0004319220101|"Nancys Blackberry Kefir"|4|17.16
0004319220105|"Nancys Raspberry Kefir 32 oz"|1|4.29
0004319240510|"Nancys Og Sour Cream 8Oz"|8|17.52
0004319250010|"Nancys Cream Cheese 8 oz"|8|21.52
0004319250510|"Nancys Organic Cream Cheese 8 "|7|23.03
0004319261020|"Nancys Blueberry Soy Yog 6oz"|1|1.29
0004319261200|"Nancys Soy Yogurt 32 oz"|5|20.45
0004345402050|"Lightlife Fakin Bacon"|3|14.07
0004345410010|"Lightlife Tofu Pup"|1|4.19
0004345440010|"Lightlife Gimme Lean"|12|52.68
0004375400250|"Solana Gold Apple Sauce"|1|3.39
0004375400400|"Solana Gold Raspberry Apple"|1|3.39
0004375400725|"Solana Gold 1 Gal. Gravenstein"|2|21.98
0004375407048|"Solana Gold Apple Juice 48oz"|3|14.37
0004375418048|"Solana Gold Autumn Harvest"|2|11.38
0004408203221|"Once Again Crunchy Peanut"|2|10.58
0004408203241|"Once Again Creamy Peanut"|1|5.29
0004408203421|"Once Again Almond Butter"|1|11.79
0004408253461|"Once Again Raw Almond Butter"|1|17.29
0004504803322|"Life Tree Bathroom Cleaner"|2|10.98
0004529619101|"Lisanati Almond Cheddar Cheese"|5|17.95
0004562684106|"Rejuvenative Kim Chi"|1|10.99
0004698500101|"Quantum Super Lysine+ Topical"|1|5.99
0004698501771|"Quantum Zinc Elderberry Roll"|2|4.98
0004744591911|"Choice Organic Oolong Tea"|1|3.79
0004744591913|"Choice Organic Asian Green Tea"|1|3.39
0004744591922|"Choice Organic Black Tea"|1|3.39
0004744591932|"Choice Organic Morrocan Mint"|2|7.58
0004744591941|"Choice Organic Bancha Tea"|1|3.79
0004744591942|"Choice Organic Chamomile Tea"|2|6.78
0004744591943|"Choice Organic Rooibos Tea"|1|3.79
0004744591951|"Choice Organic English Brkfst"|1|3.39
0004744591961|"Choice Organic Peppermint Tea"|1|3.39
0004744591971|"Choice Organic Earl Grey Tea"|1|3.39
0004744591982|"Choice Organic Mango Ceylon"|1|4.49
0004834194300|"Swisspers Cotton Swabs"|2|3.98
0004848100979|"Sheltons Turkey Patties"|8|31.92
0004848100981|"Sheltons Turkey Links"|4|15.96
0004848100991|"Sheltons Turkey Franks"|3|10.47
0004848101102|"Sheltons Spicy Turkey Chili"|1|2.85
0004867424003|"Abiqua Edelweiss"|1|3.89
0004867424004|"Abiqua Hunter"|1|3.79
0004867424013|"Abiqua Light Rye"|2|5.98
0004867424014|"Abiqua Wheat Free Rye"|3|12.57
0004867424015|"Abiqua Old World Rye"|3|12.87
0004868720206|"1 LB bag salted p-nut in shell"|1|2.99
0004878902122|"Diamond Matches 250Ct"|2|2.58
0004956801016|"Vegenaise Original 16oz"|4|15.56
0004956802016|"Vegenaise Grapeseed 16Oz"|1|5.59
0004956802032|"Vegenaise Grapeseed 32Oz"|3|18.87
0004956818016|"Vegenaise Organic 16Oz"|3|13.47
0004956852010|"FYH Vegan Mozzarella Cheese"|7|27.93
0004956853010|"FYH Vegan Cheddar Cheese"|4|15.96
0004973309101|"Cholula Hot Sauce"|2|4.98
0005052555503|"Sai Baba Nag Champa 40G."|2|6.98
0005138188597|"Aura Cacia Clearing Foam Bath"|1|1.99
0005165109225|"Maranatha Raw Tahini"|1|5.69
0005165109226|"Maranatha Roasted Tahini"|4|22.76
0005165109232|"Maranatha 16Oz. Smooth Peanut"|2|10.78
0005165109233|"Maranatha 16Oz. Crunchy Peanut"|1|5.39
0005165109235|"Maranatha No-Stir Creamy PB"|4|19.96
0005165109236|"Maranatha No-Stir Crunchy PB"|1|4.99
0005165109291|"Maranatha Creamy Peanut Butter"|4|29.56
0005165109292|"Maranatha Crunchy Peanut"|2|14.78
0005219600074|"Yayas Cheese Popcorn"|5|9.95
0005233411653|"Emerald Valley Medium Salsa"|13|44.07
0005233411659|"Emerald Valley Mild Salsa"|2|6.78
0005233411660|"Emerald Valley Hot Salsa"|4|13.56
0005233411710|"Emerald Valley Mango Salsa"|3|11.07
0005233411723|"EVK Fiesta Edamame Spread"|3|9.87
0005260304100|"Pacific Mushroom Broth"|1|3.39
0005260304120|"Pacific Creamy Tomato Soup"|4|13.56
0005260304180|"Pacific Butternut Squash Soup"|1|3.39
0005260304184|"Pacific Roasted Red Pepper"|3|10.17
0005260304255|"Pacific Carrot Ginger Soup"|3|10.17
0005260304279|"Pacific Curried Red Lentil"|1|3.39
0005260305316|"Pacific Diced Tomatoes"|1|1.99
0005260305410|"Pacific Vegetable Broth"|6|20.34
0005260305425|"Pacific Chicken Broth"|13|44.07
0005260305450|"Pacific Low Sodium Veggy Broth"|3|10.17
0005260306100|"Pacific Unsweetened Soymilk"|7|19.53
0005260306500|"Pacific Almond Milk"|6|17.34
0005260306550|"Pacific Vanilla Almond Milk"|7|20.23
0005260306570|"Pacific Oat Milk"|7|20.93
0005260306595|"Pacific Hazelnut Milk"|9|26.91
0005260308200|"Pacific Ultra Plain Soymilk"|6|17.94
0005260308225|"Pacific Ultra Vanilla Soymilk"|2|5.98
0005260308300|"Pacific Select Plain Soymilk"|4|9.56
0005260308325|"Pacific Select Vanilla Soymilk"|4|9.56
0005260309060|"Pacific Plain Rice Milk"|8|18.32
0005260309070|"Pacific Vanilla Rice Milk"|3|6.87
0005312920119|"Alexis Dolmas"|12|47.88
0005312920121|"Alexis Spanakopita"|5|19.95
0005342300012|"French Meadow Sourdough Rye"|2|7.18
0005342300049|"French Meadow Healthy Hemp"|1|4.49
0005498600049|"ES A-D-E Creamy Cleanser"|1|7.59
0005537059001|"Lifestream Flax Waffles"|3|10.47
0005537059003|"Lifestream Mesa Sunrise Waffle"|1|3.49
0005537059004|"Hemp Plus OG waffles"|1|3.49
0005744330704|"Sobaya Kamut Udon Noodles"|1|3.79
0005786461006|"Petes Smoked Tofu"|1|4.89
0005802707077|"Holy Cow Wrap"|5|16.61
0005802731626|"Holy Cow Groovin Reuben"|4|15.96
0005802733333|"Holy Cow Neato Burrito"|2|5.38
0005802799999|"Holy Cow Neato Burrito Vegan"|1|1.3
0005833617510|"Oetker Chocolate Brownie Mix"|5|15.95
0005833617551|"Oetker Chocolate Icing"|2|6.38
0005844942000|"Naturespath Chocolate"|2|7.78
0005844943001|"Naturespath Peanut Crispy"|1|4.19
0005844945033|"Natures Path Hemp Oatmeal"|1|3.99
0005844960056|"Naturespath Corn Flakes"|2|14.58
0005844960226|"Naturespath Multi W/Raisin"|2|17.38
0005844960231|"Naturespath Multi Grain"|1|8.69
0005844962001|"Natures Path Rice Puffs"|1|1.59
0005844962003|"Natures Path Corn Puffs"|2|3.18
0005844962004|"Natures Path Kamut Puffs"|3|5.07
0005844977001|"Naturespath Heritage Os"|2|17.38
0005844977700|"Naturespath Optimum Breakfast"|1|4.49
0005844977901|"Naturespath Mesa Sunrise"|1|7.29
0005844986003|"Envirokidz Koala Krisp"|1|4.29
0005844986004|"Envirokidz Panda Puffs"|2|8.58
0005844989101|"Naturespath Flax Plus"|1|4.39
0005844989110|"Natures Path Peanut Butter Bar"|1|4.39
0006195400061|"Vitasoy Original Soymilk"|1|2.79
0006195400070|"Vitasoy Unsweetened Soymilk"|6|16.74
0006248200002|"Woolwich Goat Feta 7 oz"|10|42.9
0006248201600|"Woolrich Goat Brie"|2|11.18
0006366836103|"Green Forest 3-pk Paper Towels"|3|10.47
0006727500032|"Crofters Raspberry Jam"|1|3.39
0006727500033|"Crofters Blackberry Jam"|2|6.78
0006727500034|"Crofters Black Currant Jam"|8|17.32
0006727500035|"Crofters Blueberry Jam"|1|3.39
0006727500322|"Crofters Pomegranate Jelly"|9|19.21
0006882606011|"Quepasa Yellow Corn Chips"|5|26.95
0006882606012|"Quepasa White Corn Chips"|2|10.78
0006882606013|"Quepasa Blue Corn Chips"|3|18.87
0007012943023|"Devonsheer Melba Rounds"|3|7.77
0007012943723|"Devonsheer Sesame Cracker"|3|7.17
0007061700025|"Barbaras Potato Chips"|3|7.47
0007061700062|"Barbaras Cheese Puffs"|4|10.36
0007061700075|"Barbaras Jalapeno Puffs"|6|15.54
0007061700079|"Barbaras Cheese Bakes"|3|7.77
0007061700164|"Barbaras Oatmeal Snackimals"|1|3.79
0007061700607|"Barbara  Shredded Spoonfuls"|3|11.97
0007061700610|"Barbara Cinnamon Puffins"|2|9.78
0007061700612|"Barbara Shredded Oats"|3|11.97
0007061700623|"Barbaras Peanut Butter Puffins"|2|9.78
0007061710151|"Barbaras Raspberry Fig Bars"|1|3.99
0007061710155|"Barbaras Blueberry Figbars"|1|3.99
0007087219876|"Mothers Organic 1 lb Butter"|4|19.96
0007098938530|"Scientific American Mind Mag."|1|5.95
0007099238529|"Scientific American Magazine"|1|4.99
0007110500001|"Ak-Mak Crackers"|5|8.95
0007128740450|"NB #2 Cone Coffe Filter"|1|1.99
0007128745550|"NB basket coffee filter"|2|3.58
0007145400393|"Lola Wire Mesh Scourers 2 Pk"|1|1.99
0007148602925|"Bust Magazine"|2|9.98
0007148603040|"Juxtapose Magazine"|3|14.97
0007148603052|"Harpers Magazine"|1|6.95
0007158001548|"Sunshine Sour Cream 16Oz"|6|15.54
0007158001550|"Sunshine Light Sour Cream"|4|9.56
0007158001567|"Sunshine 2% Gallon"|4|19.16
0007158001568|"Sunshine 2% Half Gallon"|13|36.27
0007158001569|"Sunshine 2% Quart"|5|7.95
0007158001570|"Sunshine 2% Pint"|10|8.9
0007158001577|"Sunshine Buttermilk Pink"|5|4.45
0007158001581|"Sunshine Chocolate Pint"|17|15.13
0007158001585|"Sunshine Nonfat Half Gallon"|10|25.9
0007158001589|"Sunshine Half and Half Quart"|6|14.34
0007158001590|"Sunshine Half and Half Pint"|11|14.19
0007158001591|"Sunshine Whole Gallon"|5|27.95
0007158001593|"Sunshine Whole Quart"|14|23.66
0007158001594|"Sunshine Whole Pint"|5|4.45
0007158001598|"Sunshine Whippingcream1/2 Pt"|7|9.73
0007160312500|"Trim Nail Clipper"|1|0.99
0007160341000|"Trim Toenail Clipper"|1|1.99
0007160352900|"Trim Slanted Tweezers"|1|1.49
0007187900214|"Jennies Coconut Macaroons"|5|4.45
0007187900219|"Jennies Chocolate Macaroons"|1|0.89
0007205011002|"Zensoy Chocolate Soy Pudding"|2|6.98
0007219900300|"Sunshine Cottage Cheese 16Oz"|5|14.95
0007260973600|"Julies Vanilla Ice Cream"|5|19.95
0007260973602|"Julies Chocolate Ice Cream"|4|15.96
0007260973605|"Julies Mocha Java Ice Cream"|3|11.97
0007260973606|"Julies Blackberry Ice Cream"|1|3.99
0007260973609|"Julies Cookies & Cream"|5|19.95
0007260973611|"Julies Raspberry Truffle"|1|3.99
0007260973650|"Julies Vanilla Quart"|5|29.95
0007260973651|"Julies Chocolate Quarts"|3|17.97
0007260974100|"Julies Ice Cream Bars"|3|10.77
0007260974104|"Julies Blackberry Sorbet Bars"|1|3.59
0007260974121|"Julies Ice Cream Sandwich 6-Pk"|1|4.59
0007278300100|"Anchor Steam Ale Six-Pack"|4|38.76
0007278300200|"Anchor Porter 6-pack"|3|29.07
0007283000001|"Tillamook Sliced Cheddar"|7|25.13
0007283000202|"Tillamook Cheddar Baby Loaf"|3|35.67
0007283000401|"Tillamook Cheddar 1Lb"|8|55.6
0007283000557|"Tillamook Ex Shrp White Chedda"|6|23.94
0007283000922|"Tillamook Sharp Cheddar 8Oz"|8|29.52
0007283000985|"Tillamook Extra Sharp Cheddar "|8|31.12
0007283000991|"Tillamook Medium Cheddar 8Oz"|6|20.94
0007283090612|"Tillamook Salted Butter"|6|20.34
0007283090632|"Tillamook Unsalted Butter"|4|13.56
0007287827523|"Herdez Salsa Casera"|1|1.29
0007287827533|"Herdez Salsa Verde"|3|3.87
0007321400403|"Mezzetta Capers"|2|4.78
0007323000808|"Crown Prince Sardines in water"|2|5.38
0007323000831|"Crown Prince Anchovies"|1|2.39
0007328661774|"Tork Universal Paper Towels"|2|5.98
0007336108370|"Adbusters"|1|8.95
0007337707103|"Et Exfoliate Loofah Terry Pad"|1|2.99
0007337707120|"Et Pumice Stone"|1|2.49
0007337708105|"Et Loofah Body Scrubber"|1|1.99
0007341600013|"Lundberg Tamari Seaweed"|6|19.14
0007341600014|"Lundberg Brown Rice"|6|19.14
0007341600020|"Lundberg Sesame Tamari"|4|12.76
0007341600024|"Lundberg Koku Seaweed"|4|12.76
0007341603530|"Lundberg Rice Chips Sea Salt"|5|14.45
0007341603531|"Lundberg Pico De Gallo"|5|14.45
0007341603532|"Lundberg Sesame Seaweed"|3|8.67
0007341603534|"Lundberg Fiesta Lime Chips"|2|5.78
0007347200101|"Ezekiel 7 Sprouted Grains"|3|12.87
0007347200116|"Food for Life 7-Sprouted Grain"|2|5.98
0007347200120|"Ezekiel 4:9 Sprouted Bread"|2|7.98
0007347200123|"Ezekiel Sprouted Sesame Bread"|4|15.96
0007347200165|"Food for Life Almond Bread"|2|10.98
0007347200166|"Food for Life Millet Bread"|3|14.67
0007347200169|"Food for Life Brown Rice Bread"|4|19.56
0007347200200|"Ezekiel 12oz Sprouted Tortilla"|4|11.96
0007347200370|"Ezekiel Sprouted Corn Tortilla"|7|16.73
0007358830610|"Sunrise Large Eggs"|88|227.92
0007358850200|"Go Organic Eggs"|36|154.44
0007383200050|"Iron City Sixer"|6|35.94
0007430500016|"Braggs 16Oz. Liquid Aminos"|5|20.95
0007430500132|"Braggs Apple Cider Vinegar"|1|4.59
0007447027028|"Sustainable Industries Mag."|1|4.95
0007447080539|"Curve Magazine"|1|3.95
0007447083085|"Earth First! Magazine"|1|4.5
0007447087100|"Yes! Magazine"|1|6.5
0007447087105|"the Sun Magazine"|1|3.95
0007447098600|"Permaculture Activist Magazine"|1|6
0007447275810|"Kavli Crispy Thins"|2|3.98
0007468210303|"Knudsens Concord Grape"|5|16.95
0007468210308|"Knudsens Just Pomegranate"|1|7.69
0007468210327|"Knudsens Cranberry Nectar"|2|6.98
0007468210328|"Knudsens Papaya Nectar"|1|3.49
0007468210350|"Knudsens Just Cranberry Juice"|6|47.94
0007468210353|"Knudsens Guava Strawberry"|5|14.95
0007468210357|"Knudsens Pineapple Juice"|1|3.19
0007468210386|"Knudsens Hibiscus Cooler"|1|2.79
0007468210533|"Recharge Tropical"|4|10.76
0007468210534|"Knudsens Grape Recharge"|4|10.76
0007468210722|"Knudsens Morning Blend"|6|21.54
0007468210731|"Knudsens Very Veggie"|1|3.59
0007468210746|"Knudsens Lemon Ginger Echina."|5|17.95
0007468210749|"Knudsens Mega C Juice"|2|7.18
0007468210752|"Knudsens Mega Green Juice"|6|21.54
0007468210755|"Knudsens Mega Antioxidants"|10|35.9
0007468211210|"Knudsens Boysenberry Spritzer"|7|6.65
0007468211248|"Knudsen Mango Fandango Spritz"|5|4.5
0007468211340|"Natural Brew Ginger Ale Single"|4|4.6
0007468211342|"Natural Brew Vanilla Single"|5|5.75
0007468211344|"Natural Brew Root Beer Single"|10|11.5
0007468211740|"Natural Brew Ginger Ale 4-Pack"|1|4.6
0007468211742|"Natural Brew Vanilla 4-Pack"|1|4.6
0007468211744|"Natural Brew Root Beer 4-Pack"|1|4.6
0007482094074|"Portland Monthly Magazine"|1|4.99
0007486803207|"Greenbank Raw Cheddar 2Lb"|1|13.99
0007487309086|"Westbrae Og Red Miso"|1|5.29
0007487317010|"Westbrae Sweet Gold Corn"|7|13.93
0007487317030|"Westbrae Sweet Peas"|2|3.98
0007487325320|"Westbrae Garbanzo Beans"|3|6.87
0007487325321|"Westbrae Black Beans"|5|11.45
0007487325323|"Westbrae Kidney Beans"|1|2.29
0007487325324|"Westbrae Pinto Beans"|5|11.45
0007487396015|"Westsoy Unsweetened Soymilk"|8|19.92
0007487396200|"Westsoy Plus Plain Soymilk"|7|16.73
0007487396225|"Westsoy Plus Vanilla Soymilk"|1|2.39
0007487397030|"Westbrae 64Oz. Rice Milk"|3|10.17
0007487397040|"Westbrae 64Oz. Vanilla Rice"|2|6.78
0007487397050|"Westsoy 64Oz. Plus Plain"|6|25.74
0007487397060|"Westsoy 64Oz. Plus Vanilla"|1|4.29
0007487397083|"Westsoy Unsweetened Vanilla"|2|4.98
0007504700083|"Soken Miso Ramen"|4|7.16
0007504700087|"Soken Wasabi Ramen"|1|1.79
0007504700088|"Soken Spicy Dragon Ramen"|1|1.79
0007507000102|"Wha Guru Sesame Almond"|3|2.97
0007507011114|"Wha Guru Ginger Almond"|2|1.98
0007507038004|"Peacecereal Raspberry Ginger"|2|9.98
0007507038007|"Peacecereal Berry Crisp"|1|4.99
0007507038009|"Peacecereal Maple Raisin"|1|4.99
0007511912448|"EnerG Egg Replacer"|1|6.49
0007511914722|"Ener-G Sesame Pretzels"|5|10.95
0007514000500|"Geyser 1.5Lt Alpine Water"|16|15.84
0007514000515|"Crystal Geyser Gallon Water"|8|14.32
0007517207915|"Panda Licorice Stick"|9|5.31
0007517207930|"Panda Raspberry Licorice Stick"|4|2.36
0007517207936|"Panda Raspberry Licorice"|6|16.74
0007517207946|"Panda Black Licorice"|7|19.53
0007550200001|"Gerolsteiner Mineral Water"|4|7.96
0007577227760|"Mo Mamas Special Toning Oil"|1|14.99
0007581000016|"San-J Sesame Brown Rice"|1|3.79
0007581000125|"San-J 10Oz. Tamari"|3|12.27
0007581000135|"San-J 20Oz. Tamari"|1|6.49
0007581000425|"San-J Wf Low Sodium Tamari"|2|9.58
0007582016212|"Swiss Kriss Tablets"|1|6.49
0007631430020|"Emergen-C Lite Single"|10|4.9
0007631430052|"Emergen-C Cranberry Single"|10|4.9
0007631430055|"Emergen-C Tangerine Single"|9|4.41
0007631430087|"Emergen-C Lemon Lime Single"|8|3.92
0007631430130|"Emergen-C Immune Def. Lozenges"|1|4.99
0007631430640|"Emergen-C Raspberry Single"|12|5.88
0007631430646|"Emergen-C Super Orange Single"|7|3.43
0007631436115|"Emergen-C Bone Health Single"|3|1.47
0007631436131|"Emergen-C Immune Defense"|13|6.37
0007631436156|"Emergen-C Acai Berry single"|5|2.45
0007634408935|"Wellness Chicken Cat Food"|5|7.95
0007644089011|"Roly Poly Candle Holder"|1|1.99
0007663050250|"Ah Super Papaya Enzyme Roll"|1|1.19
0007695041516|"Yogi Licorice Tea"|4|15.56
0007695041531|"Yogi Black Chai Tea"|1|3.89
0007695041533|"Yogi Red Chai Tea"|2|7.78
0007695045003|"Yogi Stomach Ease Tea"|2|9.18
0007695045008|"Yogi Detox Tea"|1|4.59
0007695045014|"Yogi Fasting Tea"|1|4.59
0007695045015|"Yogi Moon Cycle Tea"|2|9.18
0007695045017|"Yogi Lemon Ginger Tea"|1|4.59
0007695045018|"Yogi Throat Comfort Tea"|2|9.18
0007695045021|"Yogi Green Tea With Kombucha"|1|4.59
0007695045023|"Yogi Peach Detox Tea"|1|4.59
0007695045033|"Yogi Joint Comfort Tea"|1|4.59
0007695045042|"Yogi Simply Green Tea"|1|3.89
0007695045043|"Yogi Raspberry Leaf Tea"|1|4.59
0007695045045|"Yogi Nursing Mom Tea"|1|4.59
0007695045053|"Yogi Cold Season Tea Sampler"|3|13.77
0007697011031|"Heritage Aura Glow Skin Oil"|1|3.99
0007711000022|"Surata Firm Tofu 8 oz"|14|25.0600000000007
0007711000110|"Surata Soy Tempeh 12 oz"|4|15.96
0007711000140|"Surata Multigrain Tempeh 12 oz"|29|109.91
0007719000020|"Snoqualmie Cabernet Merlot"|9|71.91
0007719000028|"Snoqualmie Sauvignon Blanc"|1|7.99
0007732077500|"Alba Blaze Lip Balm Spf18"|1|3.99
0007770100024|"Dr. Tima Single Ginger Ale"|1|1.45
0007770100025|"Dr. Tima Ginger Ale 6-Pack"|2|17.18
0007770100026|"Dr. Tima Single Root Beer"|3|4.35
0007788588200|"Tapatio Hot Sauce"|1|1.79
0007790100401|"President Brie 8Oz"|4|17.16
0007831421175|"Madhava Agave Nectar"|1|3.89
0007834700152|"Ng Anise Toothpaste"|1|4.99
0007834700153|"Ng Creme De Mint Toothpaste"|3|14.97
0007834702319|"Ng Rainwater Hemp Shampoo"|1|5.99
0007834702320|"Ng Rainwater Hemp Conditioner"|1|5.99
0007834703107|"NG Cherry Tooth Gel"|1|4.99
0007834775046|"Ng Asian Pear Deodorant"|1|4.99
0007848745271|"Luckys Vegetarian Spring Roll"|5|15.95
0007848745272|"Luckys Chicken Spring Rolls"|3|9.57
0007852201500|"Jason Power-Smile Toothpaste"|1|5.79
0007852201510|"Jason Sea Fresh Toothpaste"|1|5.79
0007852209055|"Jason Apricot & E Deodorant"|1|5.99
0007852209065|"Jason Lavender Deodorant"|1|5.99
0007852210030|"Jason Dandruff Shampoo"|2|21.98
0007890900005|"La Rosa 8 inch White Tortilla"|9|22.41
0007890900006|"La Rosa Org Restaurant Chips"|5|14.45
0007890900007|"La Rosa 10 inch Wheat Tortilla"|9|35.91
0007890900084|"La Rosa 10 inch White Tortilla"|4|15.96
0007890900493|"La Rosa Flax Snax 12oz"|13|37.57
0007890901235|"La Rosa Spelt Tortilla"|5|16.95
0007893500511|"Ryvita Dark Rye Crackers"|4|7.96
0007893500512|"Ryvita Sesame Rye Crackers"|8|15.92
0007893500533|"Ryvita Pumpkin Crackers"|5|10.95
0007893500534|"Ryvita Sunflower Crackers"|2|4.38
0007899300710|"Mexisnax Pico De Gallo Chips"|1|2.99
0007899300725|"Mexisnax Tamari Chips"|3|8.97
0007912630598|"Fruitabu Apricot Strip"|5|3.75
0007912630611|"Fruitabu Grape Strip"|4|3
0007956500099|"Chandrika Ayurvedic Soap"|1|1.29
0007956500901|"Fuchs Soft Toothbrush"|1|1.59
0007956500902|"Fuchs Medium Toothbrush"|2|3.18
0007965114762|"Floradix Iron & Herbs 8.5Oz"|1|19.99
0007985100424|"Karlin Baking Soda"|2|1.78
0007989656577|"Qh Mint Julep Scrub"|2|7.98
0007989658579|"Qh Mint Julep Mask"|1|4.49
0007991103481|"Naturade Herbal Expec"|1|7.79
0008086800012|"Dr. Praeger Potato Pancakes"|1|3.99
0008086800048|"Dr. Praeger Tex Mex Burger"|1|4.99
0008114600020|"Cascade Cherry Yogurt 6Oz"|5|5.45
0008114600040|"Cascade Strawberry Yogurt 6 oz"|4|4.36
0008114600050|"Cascade Peach Yogurt 6Oz"|2|2.18
0008114600220|"Cascade Cherry Vanilla Yogurt "|2|1.38
0008114600300|"Cascade Fat Free Plain 32 oz"|3|8.97
0008114600310|"Cascade Blueberry Yogurt 32 Oz"|5|16.95
0008114600460|"Cascade Vanilla Yogurt 6 oz"|3|3.27
0008114605100|"Cascade Organic LF Plain 32 oz"|9|31.41
0008131210178|"Redwood Goat Milk Yogurt 32Oz"|1|7.79
0008131220061|"Redwood Goat Milk Yogurt 6Oz"|9|22.41
0008173830301|"Shikai Everyday Shampoo"|1|6.99
0008173830305|"Shakai Everyday Condition"|2|13.98
0008173834307|"Shikai Sandalwood Amber Lotion"|1|6.49
0008225660112|"Buen Natural Corn Tortilla"|15|17.85
0008230600605|"Gardentime Ribbons"|1|2.19
0008230600620|"Gardentime Rigatone"|9|19.71
0008230600630|"Gardentime Spaghetti"|2|4.38
0008230605005|"Gardentime Spinach Ribbons"|2|5.78
0008248812630|"Becks Dark 24Oz"|16|35.04
0008405900003|"Gardenburger Original"|2|9.78
0008405900062|"Gardenburger Flame Grilled"|1|4.89
0008405900068|"Gardenburger Breakfast Sausage"|3|13.77
0008410600052|"Hoodsport Merlot"|1|9.49
0008410600054|"Hoodsport Cabernet Sauvignon"|2|18.98
0008411400995|"Kettle Yogurt Green Onion"|3|7.17
0008411400996|"Kettle 5Oz. Sea Salt Vinegar"|6|14.34
0008411400997|"Kettle Salted Organic"|8|21.52
0008411400998|"Kettle Lightly Salted chips"|7|16.73
0008411403070|"Kettle 5Oz. Honey Dijon"|5|11.95
0008411403240|"Kettle 16Oz. Salt & Pepper"|3|15.87
0008411403260|"Kettle 2Oz. Salt & Pepper"|6|6.54
0008411403300|"Kettle Lightly Salted 2oz."|3|3.27
0008411403320|"Kettle 2Oz. New York Cheddar"|5|5.45
0008411403333|"Kettle 2Oz. Salt & Vinegar"|9|9.81
0008411403370|"Kettle 2Oz. Honey Dijon"|6|6.54
0008411410006|"Kettle Organic Chipotle"|5|13.45
0008411410815|"Kettle 9Oz. Honey Dijon"|1|3.39
0008411410853|"Kettle 9Oz. Salt & Pepper"|6|20.34
0008411410923|"Kettle 5Oz. Spicy Thai"|4|9.56
0008411411092|"Kettle 2Oz. Bbq Chips"|8|8.72
0008411411169|"Kettle Tuscan Three Cheese"|7|16.73
0008411411172|"Kettle Buffalo Bleu"|4|9.56
0008411411285|"Kettle Chili Lime Chips"|10|28.9
0008411411287|"Kettle Black Bean Chips"|3|8.67
0008411411290|"Kettle Yellow Corn Chips"|6|26.34
0008411411291|"Kettle Blue Corn Chips"|8|23.12
0008411411338|"Kettle Buffalo Bleu 2oz"|2|2.18
0008425321288|"Rice Dream Swiss Almond"|4|11.56
0008425322213|"Rice Dream Original Rice Milk"|3|8.07
0008425322214|"Rice Dream Vanilla Rice Milk"|1|2.69
0008425322215|"Rice Dream Enriched Original"|12|35.88
0008425322216|"Rice Dream Enriched Vanilla"|8|22.32
0008425322217|"Rice Dream Chocolate Milk"|1|2.99
0008425322230|"Rice Dream 64Oz. Enriched Milk"|7|37.03
0008425326031|"Soy Dream Enriched Vanilla"|1|5.29
0008425333000|"Rice Dream Vanilla Bars"|3|3.57
0008425344400|"Rice Dream Vanilla Pies"|4|4.76
0008425344420|"Rice Dream Chocolate Pies"|12|14.28
0008425344460|"Rice Dream Nutty Bars"|7|8.33
0008425382855|"Rice Dream Vanilla Ice Cream"|2|5.78
0008508800008|"Bibicaffe Sparkling Espresso"|7|13.23
0008569310100|"Sesmark Sesame Thins"|2|5.18
0008569660803|"Mori Nu Soft Tofu"|2|3.38
0008569660920|"Morinu Org. Firm Tofu"|2|2.98
0008576200001|"Tobys Origial Dip"|6|25.74
0008576200002|"Tobys Lemon Dill Dip"|1|4.29
0008576200004|"Tobys Garlic Pepper Dip"|3|12.87
0008583503024|"Wysong Anergen 4lbs."|2|14.58
0008583505016|"Wysong Uretic"|2|20.98
0008631899250|"Olympic Go Girl Red"|4|43.96
0008631899275|"OC Working Girl White"|1|9.99
0008631899285|"Olympic Rose the Riveter"|1|9.99
0008672407500|"Ozeki Sake"|1|7.49
0008682800023|"Parducci Petite Sirah"|1|9.99
0008682800025|"Parducci Pinot Noir"|3|35.97
0008682800034|"Parducci Rosso 1.5L"|2|21.98
0008733663315|"Debole Ancient Grain Penne"|3|7.17
0008735710005|"Covey Run Riesling"|1|7.99
0008770301961|"Sea Tangle Kelp Noodles"|1|3.59
0008770301962|"Sea Tangle Mixed Sea Veggies"|1|4.19
0008778790518|"Orleans Hill Merlot"|1|9.99
0008778795009|"Orleans Hill Cote Zero"|8|71.92
0008778795012|"Orleans Hill Lodi Syrah"|1|9.99
0008778795015|"Orleans Hill Viognier"|1|9.99
0008819434001|"Brown Cow Maple Yogurt 6Oz"|7|8.33
0008819434002|"Brown Cow Vanilla Yogurt 6Oz"|1|1.19
0008819434003|"Brown Cow Blueberry Yogurt 6Oz"|7|8.33
0008819434004|"Brown Cow Strwberry Yogurt 6Oz"|14|16.66
0008819434060|"Brown Cow Whole Plain 32Oz"|8|23.12
0008819434061|"Brown Cow Vanilla Yogurt 32Oz"|7|28.63
0008840210200|"Brent&Sam Chocolate Chip Pecan"|5|16.45
0008840210202|"Brent&Sam Chocolate Chip"|2|6.58
0008847331651|"Sokol Blosser Meditrina"|2|36.98
0008858600112|"Red Diamond Merlot"|1|9.49
0008858600188|"Red Diamond Shiraz"|4|37.96
0008912541200|"Ancientharvest Quinoaflakes"|1|2.99
0008978100033|"St Josef Pinot Noir"|3|41.97
0008983284540|"Santa Julia Malbec"|4|35.96
0009034112121|"Virgils Root Beer Single"|6|11.34
0009034123115|"Virgils Black Cherry 4-Pack"|1|7.55
0009034123232|"Virgils Black Cherry Single"|2|3.78
0009080000002|"Hp Osha"|1|9.99
0009080000024|"HP Eleuthero"|1|11.79
0009080000033|"HP Super Echinacea"|1|9.59
0009080000075|"Hp Black Elderberry"|1|11.19
0009080000090|"HP Astragalus"|1|8.39
0009090000013|"HP Immune Defense Tonic"|2|17.58
0009090000014|"HP Echinacea Goldenseal"|1|8.89
0009090000048|"HP Golden Echinacea"|1|11.19
0009090000067|"HP Eleuthero Glycerite"|1|11.29
0009090000069|"HP Valerian Glycerite"|2|22.38
0009232511111|"Annies 16Oz. Goddess Dressing"|1|5.49
0009232522225|"Annies Ketchup"|2|7.58
0009232533336|"Annies Goddess Dressing"|4|13.56
0009232533348|"Annies Artichoke Parmesan"|1|3.39
0009232533352|"Annies Organic Goddess"|4|15.56
0009236762005|"Wood Handle Dish Brush Stiff"|1|6.19
0009236762031|"Brush Replacement Soft"|2|6.98
0009251638106|"Golden Large Rice Noodles"|2|1.98
0009251638166|"Golden Small Rice Sticks"|7|6.93
0009251638176|"Golden Medium Rice Sticks"|2|1.98
0009344354771|"Snackmasters Turkey Jerky"|2|9.78
0009344354773|"Snackmasters Hot Turkey Jerky"|1|5.49
0009344357101|"Snackmasters Salmon Jerky"|1|5.49
0009344357201|"Snackmasters Tuna Jerky"|1|5.59
0009353200001|"Badger Mountain Riesling"|2|18.98
0009353200002|"Badger Mountain Chardonnay"|1|10.49
0009353200090|"Powers Syrah"|1|11.99
0009353200502|"Powers Cabernet Sauvignon 3L"|2|47.98
0009353204901|"Badger Mountain Séve"|1|9.49
0009353213921|"Powers Cabernet Merlot"|3|32.97
0009353218921|"Powers Merlot"|1|11.99
0009370930040|"Pamelas Chocolate Cake Mix"|1|5.99
0009393668001|"Denmark Plain Havarti"|3|11.67
0009396600021|"Organic Valley 2% Quart"|7|17.43
0009396600032|"Organic Valley 1% Half Gallon"|6|24.54
0009396600033|"Organic Valley 1/2 +1/2 Quart"|10|35.9
0009396600052|"Organic Valley Baby Swiss"|2|13.18
0009396600116|"Organic Prarie Bacon"|1|6.49
0009396600118|"Organic Prairie Pork Links"|1|5.99
0009396600132|"Organic Prairie Chicken Chub"|1|6.99
0009396600159|"Organic Prarie Sliced Turkey "|1|6.99
0009396600200|"Org Valley Pl Soymilk 1/2 Gl"|3|13.77
0009396600201|"Org Valley Van Soymilk 1/2 Gl "|2|9.38
0009396600205|"Organic Valley Sour Cream 16Oz"|5|19.45
0009396600219|"Organic Valley Ricotta Cheese"|1|6.59
0009396600221|"Org Valley 2% Lact Free 1/2 Gl"|2|9.58
0009396600228|"Organic Valley Shredded Parm"|4|17.56
0009396600384|"Organic Valley 2 lb Mild Ched"|2|31.98
0009396611310|"Organic Vlly Raw Mild Cheddar"|1|5.49
0009396611320|"Organic Vlly Raw Sharp Cheddar"|9|49.41
0009396611330|"Organic Valley Raw Jack"|1|5.49
0009396621101|"Organic Valley Cream Cheese"|7|23.03
0009396621360|"Organic Valley Pepper Jack"|3|16.77
0009396621390|"Organic Valley Provolone"|1|5.49
0009396622101|"Organic Valley Neufchatel"|2|6.58
0009396625370|"Organic Valley Mozzerella"|2|10.98
0009396651015|"Organic Valley Whole 1/2 Gl"|15|61.35
0009396651052|"Organic Valley 1/2 + 1/2 Pint"|21|41.79
0009396651062|"Organic Valley Whip Cream Pt"|3|9.87
0009396651225|"Organic Valley 2% Half Gallon"|17|69.53
0009396651245|"Organic Valley Nonfat 1/2 Gl"|3|12.27
0009439508011|"Grafton 1Yr Cheddar"|1|5.49
0009492262291|"Chicken Poop Lip Junk"|2|5.98
0009492283938|"Laurelwood Tree Hugger Porter "|1|4.99
0009530113011|"Rogue American Amber Ale 22oz"|3|14.97
0009530113017|"Rogue Dead Guy Ale 22Oz"|1|4.99
0009530113025|"Rogue Juniper Pale Ale 22oz"|1|4.99
0009530113146|"Rogue Dead Guy Ale Sixer"|4|43.16
0009543700060|"Veg-A-Fed Eggs"|17|50.83
0009543712110|"Humane Harvest Eggs"|15|49.35
0009543712550|"Chino Valley Large Eggs"|15|74.85
0009568430012|"Santini Condensed Milk"|1|3.59
0009568488905|"Santini Green Pesto"|5|19.45
0009568488922|"Santini Artichoke Pesto"|2|7.78
0009621401853|"Hok2 Replacement Blades"|1|7.99
0009649933354|"Natural Choice Mango Sorbet"|1|4.29
0009663611856|"Higher Taste Barbeque"|6|25.74
0009663612142|"Higher Taste Vegan Supreme"|8|28.43
0009663647774|"Higher Taste Breakfast Wrap"|7|26.53
0009663654545|"Higher Taste Bean and Cheese"|4|11.38
0009663656181|"Higher Taste Powerburger"|7|30.03
0009663657262|"Higher Taste T.L.C."|6|25.74
0009663671729|"Higher Taste Morrocan Wrap"|5|17.06
0009663686511|"Higher Taste Golden Slice"|5|21.45
0009663689109|"Higher Taste Hummus"|16|55.84
0009663697214|"Higher Taste Wild Thing"|4|15.16
0009674996030|"Omara Irish Cream"|2|21.98
0009855400010|"Bridgeport Blue Heron Sixer"|7|62.93
0009855400050|"Bridgeport Ipa Sixer"|6|53.94
0009855400080|"Bridgeport Stout Sixer"|6|46.44
0018025300020|"PaPaYa! Greeting Card"|7|27.93
0018217500006|"Terminal Gravity Ipa Sixer"|3|29.07
0018340500001|"PGs Natural Calm 8oz"|2|30.98
0018340500046|"PGs Organic Life Vitamins"|1|20.99
0018395700010|"Heartsong Thai Dragon 12Oz"|3|10.47
0018395700013|"Heartsong Mate Fire Brew"|1|3.49
0018474500001|"Red House Wine 2005"|3|32.97
0018555400018|"Iranzo Tempranillo Selection"|2|17.98
0018649100020|"Smartmonkey Carob"|2|3.98
0018649100021|"Smartmonkey Ginger Snap"|3|5.97
0018649100025|"Smartmonkey Cacao"|4|7.96
0018677000002|"Adina Lime/Mint Mojita"|3|8.07
0018677000003|"Adina Spicy Ginger Beverage"|1|2.69
0018677000022|"Adina Tango Tropicale"|1|2.69
0018677000057|"Adina Ethiopian Espresso"|1|2.69
0018911300010|"La Ferme De Gicón Cdr"|4|35.96
0030696073513|"Thuja Occidentalis"|1|6.49
0030696203255|"Boiron Arnica Cream"|1|6.89
0030696273824|"Boiron Oscillo 6+6 Dose"|1|16.99
0030696999851|"Boiron Oscillo 6 Dose"|1|10.99
0030807900393|"bt child cough syrup"|1|5.69
0031885811812|"Homehealth Anti-Fungal Relief"|3|16.47
0054599831075|" * Manufacturers Coupon"|1|-0.75
0055260351050|" * Manufacturers Coupon"|4|-2
0055844900076|" * Manufacturers Coupon"|1|-1
0058425300013|" * Manufacturers Coupon"|1|-1
0058483040076|" * Manufacturers Coupon"|3|-3
0060323127594|"Butte Creek Fresh Hop Ale"|6|23.94
0060417400168|"French Rabbit 1L Merlot"|1|10.99
0060417400179|"French Rabbit 1L Pinot Noir"|1|10.99
0060417400184|"French Rabbit 1/2L Merlot"|1|5.49
0060418312140|"Frontera Enchilada Sauce"|1|3.69
0060418312141|"Frontera Chipotle Garlic Sauce"|1|3.69
0060540810229|"Skagit Steelie Brown Ale 22Oz"|3|11.97
0060540830926|"Skagit Skullers Ipa 22Oz"|4|15.96
0060587000011|"Finncrisp Caraway"|2|5.58
0060587000015|"Finncrisp Original"|2|5.58
0060729721417|"Lotte Ginseng Gum"|2|1
0060850305001|"Ecoguard Bandages"|2|9.38
0061009722211|"Eel River Ravens Eye Stout"|5|29.95
0061148204010|"Broadbent Port"|1|12.49
0061162401981|"Oe Cotton Balls"|1|3.49
0061282020005|"Mrs. Mays Pumpkin Crunch"|1|1.49
0061282020007|"Mrs. Mays Cashew Crunch"|1|1.59
0061282040007|"Cashew Crunch Mrs Mays"|3|5.67
0061447910004|"Marques De Gelida Cava"|1|13.99
0061882515017|"Dandy Blend 2#Bg"|1|29.99
0061991700190|"Fishtale Ipa Sixer"|10|84.9
0061991700220|"Fishtale Wild Salmon Sixer"|4|34.96
0061991700260|"Fishtale Amber Ale Sixer"|3|25.47
0061991701022|"Spire Dark & Dry Cider 22oz"|3|9.87
0062168302015|"Tinkyada Spaghetti"|3|9.87
0062168302055|"Tinkyada Elbows"|2|6.78
0062168302115|"Tinkyada Penne"|1|3.39
0062168302125|"Tinkyada Spirals"|1|3.39
0062168392025|"Tinyada Fettucini"|4|10.36
0062168392075|"Tinkyada Shells"|3|7.47
0062503420101|"Kettle Valley Orchard Blend"|1|0.59
0062503420102|"Kettle Valley Berry Blend"|4|2.36
0062503420104|"Kettle Valley Strawberry"|4|2.36
0063073612401|"Six Rivers IPA Sixer"|6|51.54
0063174005010|"Recycline Razor"|1|6.39
0063174012001|"Preserve Mint Toothpicks 35ct"|2|3.98
0063243291100|"Guayaki Traditional Mate"|3|7.47
0063243291120|"Guayaki Mint"|5|12.45
0063243291140|"Guayaki Raspberry"|3|7.47
0063243291160|"Guayaki Pure Mind"|9|22.41
0063243291170|"Guayaki Endurance"|4|9.96
0063243291180|"Guayaki Passion"|7|17.43
0063360050230|"Blue Galleon Olive Oil Sardine"|1|1.69
0063360050233|"Blue Galleon Cayenne Sardines"|4|6.76
0063625177000|"Stone IPA 22oz"|6|26.94
0063671160110|"Cascade Ice Tropical Citrus"|1|1.69
0063671160120|"Cascade Ice Kiwi Strawberry"|1|1.69
0063671160130|"Cascade Ice Fruit Punch"|1|1.69
0063671160140|"Cascade Ice Acai-Blberry Pom"|4|6.76
0063671160150|"Cascade Ice Dragon Fruit"|1|1.69
0063803160501|"Field Roast Lentil Sage Slice"|4|13.16
0063803160503|"Field Roast Smoked Tomato Slic"|1|3.29
0063803161217|"Field Roast  Apple  Sausage "|8|42.32
0063848900061|"Dogfish Head 90 Minute IPA"|2|22.98
0063864249688|"Klickitat Canyon Table White"|1|8.99
0063873031721|"Orasweet Flossing Toothbrush"|4|11.96
0063888200007|"Stahlbush Frozen Blueberrys"|9|39.51
0063888200052|"Stahlbush Frozen Sweet Corn"|2|4.98
0063888200054|"Stahlbush Frozen Green Peas"|3|7.47
0063888200055|"Stahlbush Frozen Strawberry"|8|35.12
0063888200058|"Stahlbush Frozen Cranberry"|1|4.39
0063888200059|"Stahlbush Frozen Marionberry"|4|17.56
0063888200060|"Stahlbush Cauliflower"|1|2.49
0063888200061|"Stahlbush Frozen Spinach"|3|7.47
0063888221080|"Stahlbush Frozen Squash"|2|4.98
0063906291277|"Harmony Sinusitus Ear Cones"|3|14.97
0063913900777|"By Nature Mackerel Cat Food"|1|1.59
0064185717903|"Protocolo Tinto"|7|55.93
0064185747902|"Codice Red"|1|10.99
0064438110141|"Wolavers Oatmeal Stout"|3|27.87
0064513600006|"Flame Boy Pineapple Salsa"|1|5.29
0064513600010|"Lillys Jalapeño Hummus"|9|26.91
0064513600017|"Lillys Red Pepper Hummus"|6|17.94
0064513600026|"Lillys Original Hummus"|15|44.85
0064513600028|"Lillys Tomato & Basil"|8|23.92
0064630400214|"Blues Buster 75W Bulb"|1|6.79
0064825310101|"Masala Masa Korma Sauce"|1|3.89
0064825330303|"Masala Masa Curry Coconut"|1|3.89
0064825350505|"Masala Maza Tikka Masala"|1|3.89
0064981500001|"Glee Gum Tangerine"|1|0.99
0065029801001|"Les Jamelles Merlot"|1|9.99
0065029801003|"Les Jamelles Syrah"|1|9.99
0065029801012|"Les Jamelles Cinsault"|1|9.49
0065078600001|"Hf Digestenzymes"|1|16.99
0065078600011|"Hfn Vitamineral Green Trial"|2|5.98
0065078600015|"HFN Vitamineral Earth trial"|1|3.49
0065078600026|"Hfn Vitamineral Green 5Oz"|2|37.98
0065078600044|"Hfn Non-Gmo Lecithin"|1|16.19
0065078600051|"HFN Intestinal Drawing Formula"|1|24.99
0065117000111|"Flavorganics Hazelnut Extract"|1|5.49
0065279010022|"Zhenas Fireside Chai"|1|5.79
0065279010063|"Zhenas Variety Tea Sampler"|2|15.98
0065474935160|"Ao Rosemary Conditioner"|1|5.99
0065474936105|"Avalon Tea Tree Mint Shampoo"|1|8.99
0065484481062|"Helios Plain Kefir"|2|9.18
0065487100041|"Geyser Sparkling Plain"|9|12.51
0065487100042|"Geyser Sparkling Lemon"|11|15.29
0065487100044|"Geyser Sparkling Lime"|13|18.07
0065487100045|"Geyser Sparkling Berry"|7|9.73
0065487100101|"Geyser Wild Berry Juice"|1|3.99
0065487100111|"Geyser Wild Berry Single"|4|3.96
0065487100113|"Geyser Mango Single"|5|3.75
0065487100115|"Juice Squeeze Raspberry"|2|2
0065487100116|"Geyser Grapefruit Single"|4|3.96
0065487100125|"Geyser Pomegranate Lemonade"|3|2.97
0065487100301|"Geyser Wild Berry 4-Pack"|3|5.97
0065487100305|"Geyser 24Oz. Raspberry Juice"|1|1.99
0065487100306|"Geyser 24Oz. Grapefruit Juice"|2|3.98
0065487100311|"Crystal Geyser Black/pom 23.9"|1|1.99
0065487118001|"Geyser 18Oz. Original Single"|3|2.07
0065487118002|"Crystal Geyser 18Oz. Water"|3|2.07
0065487118003|"Geyser 18Oz. Orange Single"|5|3.45
0065533303750|"Mount Meadows Honeymoon Nectar"|1|15.49
0065705356777|"Legalize It! 20oz."|6|7.74
0065705356812|"Okanogan Water 1lt."|3|4.77
0065705356822|"Okanogan Gallon Water"|3|6.57
0065705375133|"Water for Peace 16.9oz."|6|5.34
0065762201977|"Honest Tea Just Green Tea"|1|1.59
0065762211851|"Honest Tea Mango White Tea"|2|3.18
0065762221294|"Honest Tea Moroccan Mint"|2|3.18
0065762241382|"Honest Tea Community Green"|2|3.18
0065762271450|"Honest Tea Just Black Tea"|2|3.18
0065762281692|"Honest Tea Dark Forest Berry"|1|1.59
0065833412390|"Roads End 123Z & Chreese"|1|1.69
0065833447283|"Roads End Herb Gravy"|2|2.18
0065833473663|"Roads End Penne & Chreese"|1|3.19
0065856423055|"Metromint Peppermint Water"|1|1.69
0065856423056|"Metromint Spearmint Water"|1|1.69
0065920110201|"Food Merchant Polenta"|3|8.97
0065920110203|"Food Merchant Basil Polenta"|2|5.98
0066365486292|"Clear Conscience Multi Saline"|3|35.67
0066437260022|"Wholesoy Mixedberry Yogurt 6Oz"|16|15.84
0066547907020|"Wonder Drink Himalayan"|8|15.92
0066547907030|"Wonder Drink Asian Pear"|8|15.92
0066547907050|"Wonder Drink Grape"|12|23.88
0066559600205|"Immaculate Brownies"|1|3.19
0066601601832|"Oskri Coconut Bar"|7|6.93
0066601611810|"Oskri Quinoa Bar"|3|2.97
0066601644400|"Oskri Sesame Bar"|4|3.96
0066601644454|"Oskri Flax Seed Bar"|3|2.97
0066618300004|"TheraNeem Leaf Capsules 90ct"|1|11.29
0066618300022|"TheraNeem Alcohol Extract 1oz"|1|11.29
0066618300030|"TheraNeem Mint Toothpaste"|1|7.99
0066618300040|"TherNeem Herbal Mouthwash"|1|10.49
0066779690102|"5 lb bag of russets"|7|20.93
0067195900004|"Realfoods Sesame"|1|2.99
0067367388228|"Little Moon Tiny Ass Kisser"|1|2.5
0067810817101|"Sea Gift Nori Snacks"|7|6.93
0067880100005|"Luzon Verde"|3|29.97
0067994823486|"Ruth Chras Hemp Bar"|4|6.76
0067994827354|"Ruth Cranberry Hemp Bar"|1|1.69
0067994844831|"Ruth Lemon Hazelnut Maca"|3|5.07
0067994847158|"Ruth Very Berry Bar"|5|8.45
0068069210108|"Numi Monkey King Tea"|1|5.39
0068069210109|"Numi Temple Gunpowder Tea"|1|5.39
0068069210170|"Numi Earl Grey Tea"|1|5.39
0068510410100|"OSC Organic Bath Set"|1|13.49
0068582533305|"Natural Choice Coconut Sticks"|4|21.16
0068582533308|"Natural Choice Strawberry"|1|5.29
0068638400601|"Yumm Sauce Original"|2|9.58
0068907608435|"High Country Goji Kombucha"|19|83.41
0068907612495|"High Country Wild Root K-Bucha"|6|26.34
0068907612823|"Ballard Uber Moist Soap"|1|3.99
0068907619114|"amy e almond biscotti"|1|5.29
0068907624436|"Ballard Grapefruit Soap 8oz"|1|4.99
0068907626792|"High Country Ginger Kombucha"|10|43.9
0068907632437|"Lulus Velvet Chocolat Spread"|1|11.99
0068907649079|"Naturesown Spicy Sauce"|1|3.99
0068907650000|"Sift Bakery Almond Poppy"|10|17.9
0068907650010|"Sift Bakery Oatmeal Raisin"|11|19.69
0068907650020|"Sift Bakery Double Chocolate"|20|35.8
0068907656833|"Ballard Orange Foaming Soap"|1|4.99
0068907678705|"Urban Bird Card"|1|3
0068907689574|"Natures Own Smokey Chipotle"|1|3.99
0068938300004|"Viso Will"|4|7.56
0068938300005|"Viso Pina"|3|5.67
0068938300007|"Viso Strawkey"|8|15.12
0068938300009|"Viso Vigor"|17|32.13
0069081917771|"Prana Bars"|1|2.19
0069081917772|"Pranabar Cashew Almond"|1|2.19
0069275210009|"Nutiva Hemp Oil 16oz"|1|14.99
0069553810043|"Don Gatti Guturnio"|1|13.99
0070164801011|"Guru Energy Drink"|6|14.34
0070167110001|"Sanfaustino Mineral Water"|1|2.89
0070223004911|"South River Dandelion Miso"|1|14.99
0070374100015|"Altbaking Lemon Poppy"|3|5.97
0070374100017|"Altbaking Chocolate Chip"|3|5.97
0070374100018|"Altbaking Peanut Butter"|2|3.98
0070374100019|"Altbaking Oatmeal Raisin"|2|3.98
0070374100033|"Altbaking Snickerdoodle"|2|3.98
0070374100035|"Altbaking Mac the Chip"|2|3.98
0070374100060|"Altbaking Coconut Macaroon"|1|1.99
0070374100062|"Altbaking Double Chocolate"|3|5.97
0070374100063|"Altbaking Pb Chocolate Chip"|1|1.99
0070374100101|"Altbaking Espresso"|1|1.99
0070399900070|"Purely Cotton Tissue"|1|3.79
0070587500004|"Barleans Lignan Flax Oil 8Oz"|1|8.99
0070587500007|"Barleans Omega Twin Oil"|1|16.99
0070587500016|"Barleans Lignan Flax Oil 16oz"|1|17.39
0070617300101|"NV Laundry Soap 11lb."|1|14.99
0070617300352|"NV Toilet Paper 4-Pack"|30|74.7
0070617300353|"NV Paper Towels"|6|10.74
0070617300357|"NV Toilet Paper Roll"|71|50.29
0070617300401|"Natural Value Tongol Tuna"|4|7.16
0070617300403|"Natural Value Albacore Tuna"|5|11.95
0070617300405|"Natural Value Yellowfin Tuna"|5|7.45
0070617300501|"Naturalvalue Stoneground"|3|4.47
0070617300503|"Naturalvalue Dijon Mustard"|2|3.18
0070617300505|"Naturalvalue Yellow Mustard"|4|7.96
0070617300522|"Naturalvalue Baby Dills"|4|14.36
0070617300601|"Natural Value Pinto Beans"|1|1.69
0070617300602|"Natural Value Black Beans"|5|8.45
0070617300604|"Natural Value Garbanzo Beans"|4|6.76
0070617301022|"Natural Value Coconut Milk"|33|62.37
0070617301028|"Natural Value Water Chesnuts"|2|1.98
0070617301030|"Natural Value Bamboo Shoots"|2|1.98
0070617301033|"Natural Value Pineapple"|1|1.69
0070617301047|"Natural Value Sardines Shrimp"|3|1.77
0070617301049|"Natural Value Seafood Platter"|6|3.54
0070617301105|"Natural Value Creamy Peanut"|3|11.97
0070617301106|"Natural Value Crunchy Peanut"|7|27.93
0070617301221|"Naturalvalue Medium Olives"|4|7.56
0070617301224|"Naturalvalue Sliced Olives"|3|3.87
0070617301226|"Natvalue No Ferrous Olives"|2|4.18
0070617301242|"Naturalvalue Green Chilis"|2|2.58
0070617301401|"Natural Value Sea Salt"|2|1.98
0070617301502|"Naturalvalue Grade a Maple"|2|22.58
0070617301503|"Naturalvalue Grade B Maple"|1|10.99
0070617302013|"NV Sandwich Bags"|1|2.29
0070617302030|"NV Tall Kitchen Bags"|5|12.95
0070617302031|"NV Extra Large Trash Bags 33ga"|1|3.09
0070617310003|"Nv Gentle Scrubber Sponge"|16|17.44
0070617310006|"NV Wax Bags"|2|5.98
0070617310008|"Nv Scouring Pads 2 Pack"|2|2.38
0070617310009|"Nv Cellulose Sponges 4 Pack"|2|2.98
0070617350001|"Natural Value Beef Dinner"|2|1.98
0070617350003|"Natural Value Chicken Dinner"|1|0.99
0070617350004|"Natural Value Simmered Seafare"|4|3.96
0070619500047|"OWH St. Johns Wort"|1|15.99
0070619500347|"Owh Kids Echinacea Goldenseal"|1|9.99
0070619500410|"OWH Turmeric 60 veg.cap"|1|15.49
0070620088013|"Mh Vegan Lip Balm Peppermint"|1|2.49
0070620088016|"Mh Vegan Lip Balm Spearmint"|1|2.49
0070708210032|"Oregon Chai Original"|2|9.78
0070746810314|"Xylichew Mint Gum"|1|1.99
0070746810316|"Xylichew Spearmint Gum"|1|1.99
0070788130125|"Ohsawa Hatcho Miso"|1|7.19
0070788135101|"Ohsawa 10Oz. Shoyu"|1|8.29
0070788135102|"Ohsawa 32Oz. Shoyu"|2|30.58
0070811802005|"Vitanica Yeast Arrest 14"|1|10.95
0070851100001|"So Good! Miso Mayo Orig 9 oz"|3|14.37
0070865610000|"Green&Black Dark Chocolate"|3|10.17
0070865610002|"Green&Black Maya Gold"|7|23.73
0070865610007|"Green&Black Almonds"|3|10.17
0070894911111|"Nanaks Unscented Lip Balm"|1|2.49
0070894933333|"Nanaks Almond Lip Balm"|2|4.98
0070895300160|"Lotus Bhutanese Red Rice"|1|3.89
0070895300210|"Lotus Forbidden Rice"|1|3.89
0070917900080|"Dicks Cream Stout Sixer"|4|35.96
0070917900270|"Dicks Working Man Brown Sixer"|2|17.98
0070917900280|"Dicks Lava Rock Porter Sixer"|1|8.99
0070917900300|"Dicks Barley Wine Ale Sixer"|1|13.99
0071156500551|"Black River Gorgonzola"|3|10.77
0071156520025|"Salem Blue Cheese Wedge"|1|2.59
0071157500374|"Seapoint Organic Edamame Pods"|3|10.47
0071157501107|"Seapoint Farms Veggie Blend"|1|2.99
0071157510200|"Seapoint Salted Edamame"|2|2.98
0071327800102|"Bavarian Pumpernickel Bread"|1|3.59
0071327800104|"Bavarian Gluten Free Bread"|1|4.59
0071436001102|"Mesh Tea Ball 3""|1|2.99
0071436001127|"Steam Basket Large"|1|8.49
0071436001266|"3" Bamboo Tea Strainer"|3|5.97
0071436001540|"Cheesecloth"|4|12.76
0071436002445|"Beeswax Heart Candle"|1|4.19
0071436002479|"Fancy Bees Wax Hex 1.5Oz"|1|1.89
0071436002718|"Chrome Flask"|1|8.49
0071436005113|"Cross Hatch Chop Sticks 5-pair"|1|6.49
0071436012688|"CasaNova Bottle Pourer 2 pk"|1|1.99
0071436041592|"Waiters Folding Corkscrew"|2|7.9
0071436090900|"Pop-Up Sponge 3-Pack"|3|9.57
0071525620002|"Aarons Epsom Salt 1# Box"|1|1.59
0071525620005|"Aarons Epsom Salt 4# Box"|5|23.45
0071525690002|"Aarons Rubbing Alcohol"|2|4.98
0071548650610|"Olbas Pastilles"|2|11.98
0071612312366|"Wisdom Instant Green Tea"|1|4.99
0071627000152|"Chocolove Cherry Almond"|7|17.43
0071627000154|"Chocolove Chocolate Raspberry"|6|15.54
0071627000166|"Chocolove Ginger"|5|12.95
0071627000270|"Chocolove 73% Organic"|5|14.95
0071682060033|"Spruce Goose Pinot Noir Juice"|2|14.98
0071725600033|"BioKleen Bac-Out 32Oz W/Spraye"|1|9.99
0071725600034|"BioKleen Bac-Out Gallon!"|2|59.98
0071725600061|"BioKleen Laundry Liquid 64Oz"|2|25.58
0071725600080|"Biokleen Glass Cleaner 32oz."|2|10.58
0071833422024|"De Tea Tree Dental Floss 50Yd"|1|3.69
0071833422040|"De Cleansing Pads W Tea Tree"|3|20.37
0071833422067|"De Lavender Deodorant"|1|6.29
0071833422082|"DE Ginger Toothpaste"|1|6.99
0071833425022|"De Shea Butter Lip Balm"|3|7.47
0071923500440|"Fallot Basil Dijon Mustard"|1|4.79
0072133282005|"Amy & Brian Coconut Juice"|11|24.09
0072133282007|"Amy & Brian Pulp Free Juice"|13|28.47
0072133282008|"Amy & Brian Lime Coconut Juice"|1|2.19
0072151200069|"Frey Natural Red"|1|9.99
0072166145806|"Vogue Veggy Soup Base"|1|3.69
0072225210061|"Clifluna Peanut Butter"|2|2.58
0072225210065|"Clif Luna Berry Almond"|1|1.29
0072225210090|"Clif Chocolate Chip"|9|16.11
0072225210120|"Clif Crunchy Peanut"|6|7.74
0072225210130|"Clif Chocolate Chip Peanut But"|7|9.03
0072225210160|"Clif Chocolate Almond Fudge"|1|1.29
0072225210310|"Clifluna Nutz over Chocolate"|2|2.58
0072225210330|"Clifluna Lemon Zest"|1|1.29
0072225210370|"Clifluna Chai Tea"|1|1.29
0072225210531|"Clifmojo Mixed Nut"|4|5.16
0072225210561|"Clifmojo Mountain Mix"|5|6.45
0072225212629|"Clif Peanut Mojo Bars"|5|6.45
0072225214010|"Clif Fruit/Nut"|1|1.99
0072225214012|"Clif Chocolate Walnut"|1|1.99
0072225214014|"Clif Nectar Cherry Pomegranate"|2|3.98
0072225250003|"Clif Oatmeal Raisin Walnut"|4|5.16
0072225260141|"Clif Peanut Butter Builder Bar"|1|1.99
0072225260142|"Clif Builder Bars"|3|5.97
0072225260145|"Clif Vanilla Almond Builder"|3|5.97
0072243000016|"Gts Kombucha Original"|21|75.39
0072243010016|"Gts Kombucha Citrus"|7|25.13
0072243011016|"Gts Kombucha Trilogy"|23|82.5700000000001
0072243012016|"Gts Kombucha Raspberry"|15|53.85
0072243014016|"Gts Kombucha Multi-Green"|17|61.03
0072243020016|"Gts Kombucha Gingerade"|14|50.26
0072243030016|"Gts Kombucha Cosmic Cranberry"|20|71.8
0072243040016|"Gts Kombucha Strawberry"|21|75.39
0072243050016|"Gts Kombucha Mystic Mango"|20|71.8
0072243060016|"Gts Kombucha Gingerberry"|19|68.21
0072243070016|"Gts Kombucha Passionberry"|3|10.77
0072243080016|"Gts Kombucha Grape"|23|82.5700000000001
0072243090016|"Gts Kombucha Guava"|10|35.9
0072383000001|"Lagunitas Maximus Ipa"|23|77.97
0072383000014|"Lagunitas Imperial Red Sixer"|6|51.14
0072474200837|"Ab Coconut Cream Lip Balm"|2|6.98
0072527473926|"Utne Reader Magazine"|2|9.98
0072533400351|"UAS LabsProbioplus DDS"|1|29.99
0072534226073|"Muir Glen 28Oz. Diced Tomatoes"|2|5.98
0072534228071|"Muir Glen 15Oz. Tomato Sauce"|1|1.99
0072534228193|"Muir Glen 28Oz. Chunky Tomato"|3|8.97
0072534228393|"Muir Glen 28Oz. Crushed Tomato"|2|5.98
0072534228741|"Muir Glen 15Oz. Diced W/Basil"|6|11.94
0072534229043|"MGlen Crushed fireroasted toma"|2|6.58
0072534229053|"Muir Glen 28Oz. Diced Roasted"|4|13.16
0072534229111|"Muir Glen 15Oz. Crushed Roast"|1|2.29
0072534229121|"Muir Glen 15Oz. Diced Roasted"|1|1.99
0072534238171|"Muir Glen 6Oz. Tomato Paste"|8|10.32
0072602220040|"Cooper Hill Pinot Gris 2006"|2|25.98
0072602220050|"Cooper Hill Pinot Noir 06"|2|29.98
0072628417512|"Nantucket Orange Mango"|3|4.77
0072628417513|"Nantucket Apple Juice"|5|7.95
0072628417514|"Nantucket Premium Orange Juice"|6|9.54
0072628417515|"Nantucket Cranberry Juice"|4|6.36
0072628417525|"Nantucket Pineapple Orange"|5|7.95
0072628417542|"Nantucket Pineapple Banana"|7|11.13
0072628417565|"Nantucket Peach Orange"|3|4.77
0072628417574|"Nantucket Lemonade"|8|12.72
0072628417625|"Nantucket Pomegranate Pear"|7|11.13
0072628417633|"Nantucket Nectar Pom Cherry"|1|1.59
0072656214231|"Xylichew Peppermints"|2|4.18
0072663512010|"Y.S. Organic Raw Honey"|1|6.19
0072663512127|"Y.S. Organics 16oz. Honey"|1|10.49
0072734400023|"Old Rasputin Imperial Stout"|3|26.97
0072734400077|"Brother Thelonious Belgian Ale"|1|8.59
0072791610015|"Pikes Naughty Nellie"|4|39.96
0072817700151|"Nutribiotic Rice Protein 3#"|1|26.99
0072899721400|"Ecover Dish Liquid Lemon Aloe"|3|16.77
0072990617002|"Country Vanilla Creams"|1|3.79
0072990617003|"Country Duplex"|2|7.58
0073216836912|"Nf Crystal Stone Deodorant"|2|9.98
0073291313703|"7Th Generation Tp Single Roll"|8|12.4
0073291313716|"7th Generation TP 4-Pack"|5|28.45
0073291322171|"7th Generation Auto Dish Gel"|1|6.29
0073291322724|"7Th Gen. Dish Liquid 48oz"|1|6.99
0073291322733|"7th Generation Dish Liq. 25oz"|5|19.95
0073291334207|"7Th Generation Baby Wipes"|2|12.98
0073291334208|"7Th Generation Wipes Refill"|2|12.38
0073291344015|"Stage-2 Diapers"|1|13.49
0073291344016|"Stage-3 Diapers"|1|13.49
0073291355503|"7th Generation Trash Bags 33G"|1|6.19
0073316300123|"Grand Central Sourdough"|13|34.97
0073316300130|"Grand Central Rustic Baguette"|17|38.93
0073316300137|"Grand Central Pico Como"|11|34.55
0073316300141|"Grand Central Olive Bread"|9|43.11
0073316300150|"Grand Central Ciabata"|17|49.45
0073316300160|"Grand Central Sliced Como"|12|49.34
0073316300168|"Grand Central Herb Croutons"|1|3.99
0073316300171|"Grand Central Sliced Campagnol"|11|54.89
0073402790303|"Ginger People Ginger Anzacs"|1|3.59
0073402790403|"Ginger People Sushi Ginger"|3|5.07
0073402799500|"Ginger People Ginger Soother"|6|8.34
0073402799502|"Ginger People Ginger Gizer "|3|4.17
0073449270145|"Montebello Grapeseed Oil"|1|11.19
0073503703001|"Rapunzel Hazelnut Butter"|1|6.79
0073503707100|"Rapunzel Vegetable Bullion"|10|33.9
0073503707300|"Rapunzel No Salt Bouillon"|1|3.39
0073574900038|"Power Cacao Berry Clarity"|13|21.97
0073605600137|"Chateau Lorane Pinot Noir"|1|15.99
0073757200114|"Tribal Sun Mild Salsa 16Oz"|3|8.97
0073757200214|"Tribal Sun Hot Salsa 16Oz"|7|20.93
0073757200230|"Tribal Sun Medium Salsa 24Oz"|2|9.18
0073757200314|"Tribal Sun Medium Salsa 16Oz"|19|56.81
0073762800400|"Thai Kitchen Green Curry Paste"|1|3.49
0073762800500|"Thaikitchen Peanut Satay"|1|4.69
0073762802570|"Thai Kitchen Hot & Sour Soup"|1|3.19
0073762802950|"Thai Kitchen Lemongrass Chili"|13|11.57
0073762804650|"Thai Kitchen Green Onion"|3|2.67
0073762804700|"Thai Kitchen Bangkok Curry"|9|8.01
0073762804750|"Thai Kitchen Thai Ginger"|5|4.45
0073762806050|"Thaikitchen 5.5Oz. Coconut Mil"|1|0.99
0073762807950|"Thai Kitchen Organic Coconut"|8|15.92
0073882406411|"Mozzerella Fresca"|8|28.72
0074127300390|"Bach Rescue Remedy 10Ml"|1|10.49
0074127301451|"Bach Rescue Remedy Pastilles"|1|5.99
0074447348001|"Soy Delicious Turtle Tracks"|3|11.97
0074447348055|"Soy Delicious Mint Chip"|1|3.99
0074447348062|"Soy Delicious Peanut Zig Zag"|7|20.93
0074447348087|"Soy Delicious Rocky Road"|5|14.95
0074447365011|"Soy Delicious Vanilla"|2|7.18
0074447365054|"Soy Delicious Chocolate Almond"|1|3.59
0074515810010|"Halo 8Oz. Dreamcoat"|1|9.99
0074599890202|"Equal Exchange Hot Cocoa"|2|14.18
0074599890301|"Exchange Milk Chocolate"|6|21.54
0074599890302|"Exchange Dark Chocolate"|4|14.36
0074599890303|"Exchange Dark Almond"|4|14.36
0074599890304|"Exchange Cacao Nib Bar"|5|17.95
0074599890305|"Exchange Mint Chocolate"|5|17.95
0074654600054|"LakeFront Organic ESB Sixer"|3|29.97
0074654600055|"Lakefront Fuel Coffee Stout Si"|2|19.98
0074654600068|"LakeFront New Grist GF Sixer"|1|9.99
0074759960106|"Ghirardelli Unsweet Chocolate"|1|2.59
0074759960112|"Ghirardelli Bittersweet Cacao"|1|2.59
0074759962018|"Ghirardelli Sweet Ground Cocoa"|1|4.89
0074759964015|"Ghirardelli Chocolate Chips"|2|7.38
0074784617720|"Momokawa Pearl Saké"|1|11.99
0074784623750|"Momokawa Diamond Saké"|2|21.98
0074823910501|"Walnut Acres Marinara Herb"|3|13.47
0074823910502|"Walnut Acres Zinfandel Sauce"|1|4.49
0074823910504|"Walnut Acres Portabello Sauce"|1|4.49
0074823910514|"Walnut Acres Garlic Garlic"|2|8.98
0074840402035|"Seeds of Change Tomato Basil"|1|6.99
0074875301111|"Cogo Water 1/2 Liter"|3|2.37
0074875301113|"Cogo Water 1 Liter"|5|6.45
0074875311112|"Cogo Apple Juice 1/2 Gallon"|1|6.99
0074875311114|"Cogo Apple Juice Pint"|1|2.59
0074875311771|"Cogo Blueberry Native C Pint"|5|18.95
0074875313771|"Cogo Strawberry Omega Pint"|2|7.58
0074875314441|"Cogo Rasp Peach Smoothie Pint"|8|23.12
0074875314446|"Cogo Mango Cogo Pint"|13|37.57
0074875317171|"Cogo Cran Well-Balance Pint"|2|7.58
0074875317371|"Cogo Superberry Pint"|5|18.95
0074875317571|"Cogo Protein Cogo Pint"|12|45.48
0074875317671|"Cogo Red Ginger Limeade Pint"|3|8.97
0074875317771|"Cogo Vita Sea Pint"|14|53.06
0074875317772|"Cogo Vita Sea Quart"|1|6.49
0074875322224|"Cogo Apple Pear Cider Pint"|3|7.77
0074875366663|"Cogo Strawberry Banana Pint"|9|26.01
0074875377771|"Cogo Wild Blackberry"|5|14.45
0074875381118|"Cogo Carrot Juice Pint"|6|17.94
0074875381218|"Cogo Carrot Beet Celery Pint"|4|13.56
0074875381318|"Cogo Orange Carrot Banana"|6|17.34
0074875391119|"Cogo Orange Juice Pint"|11|32.89
0074875391129|"Cogo Orange Juice Quart"|4|21.56
0074875391139|"Cogo Orange Juice 1/2G"|12|103.08
0074875391219|"Cogo Grapefruit Juice Pint"|4|11.96
0074875391239|"Cogo Lemonade Pint"|1|2.59
0074875391619|"Cogo Tangerine Juice Pint"|8|23.92
0074875392219|"Cogo Grapefruit Juice 1/2G"|3|25.77
0074875399991|"Cogo Ginger Apple Cider Pint"|5|12.95
0074875399992|"Cogo Ginger Apple Cider 1/2 G"|2|15.98
0074917409720|"EF Pear Dish Liquid"|3|12.57
0074917409727|"EF Lavender Dish Liquid"|1|4.19
0074917409753|"Earth Friendly Oxo Bright 2lb."|1|7.69
0074998504016|"Aubrey After Shave Spice Isla"|1|9.49
0074998508098|"Aubrey B5 Design Gel"|1|10.99
0075124911124|"Eight Ball Stout 22oz"|6|17.94
0075452700082|"New Belgium Springboard Ale"|7|61.53
0075452700120|"New Beligum 1554 Black Ale"|3|9.57
0075535500100|"Good Health Pb Pretzels"|7|18.83
0075764500022|"Newmans Unsalted Popcorn"|2|7.38
0075764500100|"Newmans Salted Rounds"|3|8.37
0075764501043|"Newmans Milk Peanut Cups"|2|2.98
0075764501044|"Newmans Dark Peanut Cups"|5|7.45
0075764501045|"Newmans Mint Cups"|1|1.49
0075764501620|"Newmans Peppermnt"|2|5.18
0075764501630|"Newmans Wintermint"|2|5.18
0075764502200|"Newmans Fat Free Fig Bars"|1|4.49
0075764502220|"Newmans Champion Chip"|1|3.69
0075764502222|"Newmans Orange Chip"|1|3.69
0075764502224|"Newmans Double Mint Chip"|1|3.69
0075764502240|"Newmans Original Newman-O"|8|22.32
0075764502242|"Newmans Chocolate-O"|4|11.16
0075764502244|"Newmans Mint-O"|6|16.74
0075764502247|"Newmans Ginger-O"|3|8.37
0075764502249|"Newmans Wf/Df Newman-O"|1|2.79
0075764502264|"Newmans Ginger Hermit Cookies"|1|3.99
0075764503010|"Newmans 25Oz. Olive Oil"|3|29.97
0075764503110|"Newmans Balsamic Vinegar"|1|6.99
0075913920000|"Stonecap Syrah"|1|10.99
0075928310005|"Back to Nature Saltines"|2|8.58
0076028610021|"Uhs Tooth Powder"|1|5.49
0076028610060|"Uhs Tooth & Gum Elixir"|2|9.98
0076028610130|"Uhs Tooth Ache Relief Oil"|1|6.95
0076028610150|"Uhs Peppermint Toothpaste"|1|5.99
0076028621060|"Uhs Rosemary Deodorant"|1|6.99
0076028632030|"Uhs Spray Hair Conditioner"|1|4.99
0076028633010|"Uhs African Lavender Shampoo"|1|4.29
0076028633040|"Uhs Dread Starter"|2|19.98
0076028643170|"Uh Jojoba Oil"|1|9.99
0076028643310|"Uh Shea Butter"|1|3.99
0076059010072|"Bumblebar Chocolate"|3|5.37
0076086021105|"Protection Chakra Palm Votive"|1|2.19
0076165790411|"Montchevre Plain  Goat Chz Log"|3|10.47
0076165790416|"Montcheve Garlic & Herb  Goat "|4|13.96
0076165792413|"Montchevre Peppadew Goat Log"|1|3.49
0076317680006|"Deschutes Buzzsaw Brown Sixer"|4|34.76
0076437581556|"Feline Pine Cat Litter"|1|5.99
0076570411001|"H.E. Deep Sleep"|2|11.98
0076733501109|"Mcdougalls Curry Soup"|1|1.89
0076899054785|"Nordic Cod Liver Oil 8oz orng"|1|21.99
0077000901020|"IYC Parment Paper"|1|5.49
0077000901048|"IYC Paper Baking Cups"|1|1.59
0077000912011|"IYC Recycled Aluminum Foil"|1|5.19
0077776200025|"Indian Life Pakoras"|3|16.17
0077776200130|"Indian Life Naan"|2|9.58
0077776200236|"Indian Life Masala Wraps"|1|3.29
0077776200420|"Indian Life Dal Mix"|3|11.07
0077776279635|"Indian Life Samosas"|1|5.39
0078087207022|"Castor & Pollux 10" Rawhides"|3|11.07
0078087207023|"Castor & Pollux 5" Rawhide"|1|1.99
0078087207305|"Castor & Pollux Catnip Carrot"|1|2.99
0078087207307|"Castor & Pollux Grey Mouse"|2|5.98
0078087207901|"Organix Turkey & Brown Rice"|2|3.18
0078087207902|"Organix Turkey & Seafood"|4|6.36
0078087208506|"Organix 6Lbs. Dry Cat Food"|1|19.49
0078087208512|"Organic Chicken Cat Treats"|2|5.78
0078165500012|"Basil / Albahaca 4oz"|13|44.07
0078204511208|"beechers chipotle curds"|1|3.99
0078204511209|"Beechers Market Herb Curds"|2|7.98
0078212600100|"Natracare Tampons Regular 20 "|3|17.97
0078212600200|"Natracare Tampons Super 20 ct"|2|11.98
0078212600300|"Natracare Panty Shield"|4|11.96
0078212600302|"Natracare Regular Pad"|1|3.99
0078212600303|"Natracare Super Pad"|1|3.99
0078212600800|"Natracare Applicator Tampon"|4|27.96
0078212618103|"natra care 10ct. regular tampo"|5|18.45
0078212619103|"Natracare 10 Super Tampons"|8|29.52
0078273300001|"Tasty Bites Bombay Potatoes"|2|7.18
0078273300002|"Tasty Bites Madras Lentils"|2|7.18
0078273300003|"Tasty Bites Kashmir Spinach"|2|7.18
0078273300004|"Tasty Bites Punjab Eggplant"|2|7.18
0078273301206|"Tasty Bites Tandoori Pilaf"|2|4.78
0078483000011|"Straus Glass Whole Milk 64 oz"|4|22.36
0078483000080|"Straus Og Whole Yogurt 32Oz"|11|49.39
0078483000081|"Straus Og Whole Yogurt 16Oz"|5|14.95
0078483010010|"Straus Dutch Chocolate"|1|4.59
0078483010030|"Straus Vanilla Bean Ice Cream"|5|22.95
0078503000002|"Rising Moon Garlic & Merlot"|5|17.45
0078503000003|"Rising Moon Port Asiago Sauce"|5|17.45
0078503001194|"Rising Moon Garlic & Basil"|2|6.98
0078503002006|"Rising Moon Manicotti"|1|5.29
0078503002007|"Rising Moon Stuffed Shells"|1|5.29
0078503031168|"Rising Moon Garlic Gorgonzola"|2|8.78
0078503044444|"Rising Moon Garlic Chanterelle"|5|17.45
0078503055555|"Rising Moon Pine Nut Asiago"|3|13.17
0078503055556|"Rising Moon Vegan Artichoke"|3|13.17
0078503055561|"Rising Moon Spinach Cheese"|6|26.34
0078696901002|"Napa Valley Robust Olive Oil"|1|10.49
0078696901005|"Napa Valley Olive Oil"|2|20.98
0078696903005|"Napa Valley Red Wine Vinegar"|1|3.59
0078714310023|"Bison Chocolate Stout 22Oz"|7|25.13
0078714310028|"Bison Ipa 22Oz"|13|46.67
0078742035550|"Sjaak Milk Chocolate Peanutb"|1|1.69
0078742035552|"Sjaak Milk Almond Butter"|2|3.38
0078742035553|"Sjaak Dark Chocolate Almond"|2|3.38
0078742035557|"Sjaak Dark Chocolate"|4|6.76
0078742035565|"Sjaak Chocolate Mint"|4|6.76
0078742035566|"Sjaak Green Tea Chocolate"|2|3.38
0078774822879|"Swheat Scoop 14lbs. Bags"|2|22.78
0078808410011|"Chateau Bianca Gluheim"|1|10.49
0078883200015|"Glad Rags Single Pad"|1|12.99
0078883200019|"The Keeper Moon Cup size B"|1|34.99
0078891012106|"Rustys Chocolate Chunk"|3|5.37
0078891026390|"Rustys Hazelnut Caramel"|4|7.16
0078891037360|"Rustys Peanut Butter Goo"|5|8.95
0078891043321|"Rustys Cashew Coconut"|1|1.79
0078891062601|"Rustys Coconut Cream"|3|5.37
0079001103005|"Jarrow Fem-Dophilus"|1|23.99
0079055501155|"Walnut Acre Split Pea Soup"|1|2.69
0079055501172|"Walnut Acres Chicken Noodle"|3|10.77
0079087400102|"Drews Medium Salsa"|2|7.38
0079087400104|"Drews Double Roasted Salsa"|2|7.38
0079087437411|"Drews Lemon Tahini Dressing"|1|2.49
0079087437414|"Drews Romano Caesar Dressing"|1|2.49
0079087437416|"Drews Buttermilk Ranch"|2|4.98
0079087437419|"Drews Poppy Seed Dressing"|1|2.49
0079178490173|"Our Daily Red"|6|53.94
0079323251610|"Rustichella Pesto Sauce"|1|6.99
0079421300003|"Sunshine Garden Herb Burger"|6|25.74
0079421300013|"Sunshine Southwest Burger"|3|12.87
0079421300023|"Sunshine Bbq Burgers"|2|8.58
0079523930020|"Teeccino Chocolate Mint"|4|3.96
0079523950010|"Teeccino Vanilla Nut"|3|2.97
0079523950030|"Teeccino Almond Amaretto"|2|1.98
0079523950060|"Teeccino Hazelnut"|1|0.99
0079523950070|"Teeccino Java"|1|0.99
0079523950080|"Teeccino Mocha "|4|3.96
0079523950110|"Teeccino Maya Caffe Trial"|3|2.97
0079523950120|"Teeccino Maya Chai Trial"|2|1.98
0079651582006|"Stainless 20.2Oz H2O Bottle"|6|59.94
0079651587771|"Polycarb 2.2L Water Bottle"|1|5.49
0079651587773|"New Enviro 1 Liter PolyCarb Bo"|1|5.99
0079714800039|"Vintage Plantations 38% Soy Mi"|2|6.58
0079714800065|"Vintage  Plantation 65% Dark C"|3|9.87
0079714800075|"Vintage  Plantations 75% Dark "|4|13.16
0079714800090|"Vintage Plantations 90% Dark C"|2|6.58
0079714800100|"Vintage Plantation 100% Dark C"|3|9.87
0079737797321|"Venus Magazine"|1|4.5
0079775631312|"Cafe Mam Trinity Coffee Can"|1|9.29
0079841244441|"Dr. Singhas Mustard Bath"|1|3.79
0079864415070|"Red Menace Amber Ale 22oz"|9|32.31
0079921011500|"Bionature Balsamic Vinegar"|3|18.87
0079921022223|"Bionaturae Strawberry Spread"|2|7.58
0079921022227|"Bionaturae Wild Berry Spread"|2|7.58
0079921037501|"Bionaturae Apricot Nectar"|1|3.79
0079921043403|"Bionaturae Gluten Free Penne"|1|4.19
0079921055551|"Bionaturae Spaghetti"|1|2.89
0079921055555|"Bionaturae Chiocciole"|1|2.89
0079921082501|"Bionaturae Tagliatelle"|3|8.97
0079921092001|"Bionaturae Tomato Paste"|3|6.87
0079921098002|"Bionaturae Tomato Sauce"|6|16.14
0079951201103|"Ciao Bella Chocolate Hazelnut"|2|9.38
0080241300001|"Gopal Italian Wrap"|2|3.98
0080241300002|"Gopal Mexican Wrap"|5|9.95
0080241300003|"Gopal Mexican Wrap"|4|7.96
0080241300010|"Gopal Maca Herb Bar"|2|3.98
0080241300012|"Gopal Apple Delight Bar"|4|7.56
0080241300013|"Gopal Walnut Figbar"|4|6.76
0080241300015|"Gopal Sesame Mango Bar"|4|7.56
0080241300016|"Gopals Rawmesan"|1|4.89
0080241300017|"Gopal Happy Herb Bar"|2|3.98
0080241300022|"Gopal Curry Wrap"|1|1.99
0080241300024|"Gopal Almond Raisin"|1|2.49
0080241300027|"Gopal Pineapple Flax"|1|1.89
0080241300030|"Gopal Brownies"|3|8.37
0080241300032|"Gopal Japan Power Wraps"|10|19.9
0080241300034|"Gopal Goldenberry Brazil"|2|5.78
0080241300036|"Gopals Greengo Crackers"|6|14.94
0080241300038|"Gopal Veggie Rawker"|2|4.98
0080241300039|"Gopals Texas BarBQ"|8|15.92
0080241300061|"Gopals Macadamia Cookie"|12|34.68
0081014200002|"Fizzy Lizzy Grapefruit Single"|2|3.38
0081014200003|"Fizzy Lizzy Cranberry"|2|3.38
0081014200004|"Fizzy Lizzy Pineapple"|1|1.69
0081014200007|"Fizzy Lizzy Fuji Apple"|2|3.38
0081014210008|"Fizzy Lizzy Raspberry"|1|1.69
0081014240008|"Fizzy Lizzy Raspberry Lemonade"|1|5.79
0081047400101|"Dagoba Milk Chocolate"|3|8.37
0081047400106|"Dagoba Roseberry"|4|11.16
0081047400107|"Dagoba Mon Cherri"|2|5.58
0081047400110|"Dagoba Lavender"|1|2.79
0081047400113|"Dagoba 89% Eclipse"|3|8.37
0081047400114|"Dagoba Xocolatl"|7|19.53
0081047400127|"Dagoba Super Fruit Bar"|2|5.58
0081047400602|"Dagoba Cacao Powder"|1|7.39
0081047400604|"Dagoba Unsweetened Cocoa"|1|8.49
0081241000021|"Eco Fish Salmon"|6|26.34
0081355100205|"Koyo Mushroom Ramen"|3|1.77
0081355100206|"Koyo Seaweed Ramen"|6|3.54
0081355100207|"Koyo Tofu & Miso Ramen"|8|4.72
0081355100213|"Koyo Garlic Pepper Ramen"|5|2.95
0081498500007|"Mediterrenean Sun Dried Tomato"|2|13.98
0081790400020|"Elysian The Wise ESB 22oz"|12|40.68
0081841100014|"Sambazon Acai Sorbet"|1|5.99
0081857300002|"Wetherell Pinot Noir"|3|46.47
0081880800200|"Girasole Pinot Noir"|1|15.99
0081880800203|"Girasole Sangiovese"|1|11.99
0081880800205|"Girasole Cabernet Sauvignon"|1|12.99
0081904600043|"Inka Corn Original"|5|9.45
0081904600044|"Inka Corn Plantain Chips"|7|13.23
0081916200105|"EcoTea Bamboo Bombilla"|4|21.96
0081916200200|"EcoTea Simple Mate Gourd"|1|8.99
0081916200203|"EcoTea Artisan Mate Gourd"|1|16.99
0081916200454|"Eco Teas Yerba Mate Loose"|4|33.96
0081945100300|"Campos Reales Tempranillo"|6|53.94
0081945100301|"Mano a Mano"|3|32.97
0081945100700|"Garnacha Del Fuego"|1|8.99
0082905300001|"Pisces Albacore Tuna"|5|24.95
0082946270104|"Good Karma Mint Chocolate"|3|11.97
0082946270108|"Good Karma Coconut Mango"|2|7.98
0083112800060|"Biobag Dog Waste Bag"|1|6.09
0083112800244|"Biobag Kitchen Bag 13gal"|1|6.19
0083188700080|"David Hill Estate Riesling"|1|10.99
0083188700100|"David Hill Farmhouse Red"|2|21.98
0083227900842|"Mulini Reali Tomato & Oregano"|1|3.39
0083227900843|"Mulini Reali Spicy Garlic"|2|6.78
0083418300102|"Alexia Yukon French Fries"|2|5.98
0083514300252|"Dr. Weil Green White Tea"|2|3.78
0083514300254|"Dr. Weil Jasmine White Tea"|3|5.67
0083514300256|"Dr. Weil Darjeeling Tea"|1|1.89
0083514300258|"Dr. Weil Turmeric Tea"|4|7.56
0083732800100|"Hakabaku Udon Noodles"|2|5.78
0083732800101|"Hakubaku Somen"|1|2.89
0083732800102|"Hakubaku Soba Noodles"|2|5.78
0083765400198|"Stirs the Soul"|28|83.72
0083765400298|"Stirs the Soul Ecuador"|3|17.97
0083770800502|"Gorge Pear Bar"|1|1.29
0083770800512|"Gorge Pear Cranberry"|3|3.87
0083770800522|"Gorge Pear Blueberry Bar"|1|1.29
0083813400050|"Wandering Aengus Heirloom"|1|13.49
0083813400051|"Wandering Aengus Dry Cider"|1|16.49
0083845500001|"Primal Strips Teriyaki"|6|7.14
0083845500002|"Primal Strips Hickory Smoked"|2|2.38
0083845500003|"Primal Strips Shiitake Sesame"|4|4.76
0083845500019|"Primal Strips Thai Spice"|6|7.14
0083845500020|"Primal Strips Mesquite"|6|7.14
0083865600002|"Papa Gs Sesame Tofu"|1|4.29
0084190501011|"Kitchens of India Dal Bukhara"|5|14.95
0084190501051|"Kitchens of India Rajma Masala"|1|2.99
0084190501071|"Kitchens of India Pav Bhaji"|3|8.97
0084190501081|"Kitchens of India Pindi Chana"|1|2.99
0085064300018|"Redstone Black Raspberry Mead"|1|15.99
0085153600100|"Rad Cat 8oz. Turkey"|2|8.78
0085153600103|"Rad Cat 8oz. Chicken"|4|17.56
0085243800045|"Pircas Negras Syrah"|1|10.49
0085243800083|"Nuevomundo Cabernet-Carmenére"|1|14.99
0085258400012|"Buffalo Guys Mild Jerky"|7|23.73
0085339300003|"Aardvark Habanero Sauce"|16|63.84
0085348100118|"Wc Grapefruit Rose Lip Balm"|1|3.49
0085348100119|"Wc Lord! Dry Hand Lotion"|1|13.79
0085348100126|"Wc Borage Butter"|1|9.99
0085348100136|"Wild Carrot Goo-Goo Baby Bum"|1|7.99
0085364700001|"Zola Acai Beverage"|3|7.47
0085365800151|"Just Coffee Bike Fuel Blend"|1|10.99
0085365800154|"Just Coffee Yirgacheffe"|1|10.99
0085365800174|"just coffee firecracker espres"|1|10.99
0085365800182|"Las Diosas Just Coffee"|1|11.99
0085407300002|"Redhot Ceramics Nasal Pot"|4|67.96
0085481800001|"Larabar Apple Pie"|4|7.16
0085481800003|"Larabar Cashew Cookie"|6|10.74
0085481800004|"Larabar Cherry Pie"|6|10.74
0085481800005|"Larabar Chocolate Coconut"|6|10.74
0085481800006|"Larabar Ginger Snap"|5|8.95
0085481800007|"Larabar Cocoa Mole"|4|7.16
0085481800008|"Larabar Pecan Pie"|4|7.16
0085481800009|"Larabar Cinnamn Role"|4|7.16
0085481800012|"Larabar Pistachio"|2|3.58
0085601400101|"Ruby Jewel Lemon Lavender"|1|3.89
0085601400102|"Ruby Jewel Chocolate Mint"|5|19.5
0085601400104|"Ruby Jewel Peanut Butter"|5|19.45
0085601400105|"Ruby Jewel Ginger Pumpkin"|4|15.56
0085685700104|"Dragonfly Chai Spicy!"|3|14.97
0085685700106|"Dragonfly Chai Green"|2|9.98
0085784610089|"Rainier Ridge Merlot"|14|83.86
0085784610090|"Rainier Ridge Chardonnay"|4|23.96
0085825600004|"Apollo Olive Oil"|1|14.99
0085832000007|"Emerald Forest Xylitol"|2|15.58
0085836500111|"Zambezi Raw Honey"|2|11.98
0085884700067|"Navitas 16oz. Cacao Beans"|2|30.58
0085884700088|"Navitas 8oz. Mulberries"|1|11.49
0085884700089|"Incan Golden Berries"|1|11.29
0087000100003|"Artisana Coconut Butter"|3|35.67
0087000100092|"Artisana Cacao Bliss"|1|11.79
0087449200003|"Theo Vanilla Milk Chocolate"|1|2.99
0087449200004|"Theo Milk Chai Tea"|1|2.99
0087449200005|"Theo Coconut Curry"|2|5.98
0087449200006|"Theo Dark Coffee"|1|2.99
0087449200007|"Phinney Bread & Chocolate"|6|17.94
0087449200008|"Theo Dark Chocolate W/Nib"|2|5.98
0087449200013|"Theo Venezuela"|1|5.19
0087538600001|"Lh Hemp Protein Powder"|1|21.49
0087538600030|"Living Harvest Original Hemp"|4|17.56
0087538600031|"Living Harvest Chocolate Hemp"|2|8.78
0087538600032|"Living Harvest Vanilla Hemp"|2|8.78
0087997600004|"Fior di frutta Plum Sprea"|5|17.45
0087997600011|"Fiordifrutta Seville Orange"|3|20.97
0088075000005|"Lydias Curry Crackers"|2|14.38
0088075000006|"Lydias Luna Nori Crackers"|1|7.69
0088075000007|"Lydias Ginger Nori Crackers"|1|7.69
0088075000010|"Lydias Apple Ginger Bar"|3|8.07
0088075000020|"Lydias Spirulina Bar"|2|5.58
0088075000026|"Lydias Green Crackers"|1|7.69
0088075000027|"rLydias Crystal Manna Bar"|1|2.89
0088075000030|"Lydias Savory Trail Mix"|2|9.18
0088251110103|"Sweetcreek Dills"|2|9.18
0088251110303|"Sweetcreek Chili Dill"|2|9.18
0088251110603|"Sweet Creek Sweet Relish"|2|8.58
0088251120103|"Sweet Creek Blueberry Spread"|2|7.98
0088251120303|"Sweet Creek Strawberry Spread"|2|7.98
0088251140203|"Sweet Creek Medium Salsa"|2|7.38
0088251150103|"Sweet Creek Tuna"|4|25.16
0088406200006|"Its Alive Sea Veg 8 oz"|3|15.87
0088406200008|"Its Alive Cracker"|4|17.16
0088406200009|"Its Alive Thai Chi Cracker"|2|8.58
0088406200010|"It"|1|4.29
0088406200011|"Its Alive! Dill Kraut 32oz"|1|8.29
0088406200015|"Its Alive! Dill Garlic Pate"|1|4.49
0088406200016|"Its Alive! Thai Chi Pate"|1|2.25
0089001000201|"Solstice Goji Peanut & Chocola"|5|14.95
0089001000202|"Solstice Goji Cherry & Almond"|2|5.98
0089014600118|"Yummy Earth Pomegranate Lolly"|11|2.75
0089014600124|"Yummy Earth Mango Lolly"|2|0.5
0089021400059|"Big Dipper Vitality Votive"|4|11.56
0089044400010|"Latejuly Classic Saltines"|2|5.98
0089044400020|"Latejuly Rich Crackers"|2|5.98
0089044400035|"Latejuly Cheddar Square"|1|3.09
0089044400080|"Latejuly Cheddar Minis"|1|3.89
0089044400095|"Late July Chocolate Sandwichs"|1|3.99
0089076300004|"Gus Ginger Ale Single"|1|1.59
0089147500101|"Surfsweet Gummy Bears"|2|3.58
0089161700203|"Wilderness Poets Hazelnut 4oz."|1|4.59
0089161700206|"Wilderness Poets Choc. 8oz."|1|6.99
0089304800003|"Crispy Cat Roasted Peanut"|5|14.45
0089307400100|"Basketcase Syrah"|4|47.96
0089431900111|"TWIST Euro Cloth #20 3pk"|3|11.97
0089445200102|"Pots N Pans Mushroom Tart"|2|8.58
0089445200103|"Little Pots & Pans Tomato Tart"|3|12.87
0089445200109|"Pots & Pans Artichoke Tarts"|2|8.58
0089445200112|"Pots N Pans Butternut Tart"|2|8.58
0089445200130|"Little Pots N Pans Orzo Salad"|4|13.56
0089451000000|"St Cosme Cotes du Rhone Rouge"|1|16.49
0089554300100|"Sonoma Corn Tortillas"|4|9.96
0089676700100|"Luna & Larry Naked Coconut"|5|29.95
0089676700101|"Luna & Larry Dark Chocolate"|6|35.94
0089676700102|"Luna & Larry Vanilla"|2|11.98
0089676700103|"Luna & Larry Mint Galactica"|5|29.95
0089676700104|"Luna & Larry Cherry Amarato"|4|23.96
0089676700110|"Luna & Larry Cinn/Choc Flake"|5|29.95
0089676700116|"Luna & Larry Piña Colada"|1|5.99
0089676700117|"Luna & Larry Cappuccino"|7|41.93
0089683500005|"La Bête Pinot Gris"|2|26.98
0089683500010|"La Bête Pinot Noir"|1|19.49
0089735100006|"Hi Ball Orange"|1|2.19
0089758000010|"Marysgone Original Crackers"|2|8.98
0089812300001|"Livin Spoonful Orig Hummus"|5|23.95
0089812300002|"Livin Spoonful Suntom Hummus"|7|33.53
0089812300003|"Livin Spoonful Pepbas Hummus"|6|28.74
0089812300010|"Livin Spoonful Pesto Cracker"|8|31.92
0089812300011|"Livin Spoonful Herb Cracker"|8|31.92
0089812300012|"Livinspoonful Carawaycracker"|2|7.98
0089814100102|"Roots Organic Island Red 22oz"|7|34.93
0089827100000|"Oregon Growers Apple Butter"|3|8.97
0089827100031|"Oregon Growers Marionberry"|1|5.19
0089827100032|"Oregon Growers Blueberry"|1|5.19
0089859600102|"Divine Dark Chocolate"|2|5.78
0089859600104|"Divine Milk Chocolate"|2|5.78
0089945200135|"Little Pots Winter Harvest"|5|16.95
0089958700022|"Raw Revolution Chocolate"|5|9.95
0089958700025|"Raw Revolution Rasp/Chocolate"|1|1.99
0089958700027|"Raw Revolution Coconut Agave"|3|5.97
0089958700028|"Raw Revolution Spirulina"|1|1.99
0307731827220|"Beaufor White Wine Vinegar"|1|6.19
0400163809809|"Weleda Salt Toothpaste"|1|4.99
0400163809922|"Weleda Arnica Massage Oil"|1|16.99
0400163809927|"Weleda Sage Deodorant"|1|10.99
0600967989173|"Stellar Organics Pinotage"|1|11.99
0841335404116|"Marques De Real Borja"|1|10.49
0841383180030|"Gran Cesta Cava Brut Reserva"|2|21.98
0842864101500|"Iranzo Cabernet Sauvignon"|3|29.97
0842864101600|"Bodegas Iranzo Merlot"|3|29.97
0843700482010|"Alba-Liza Tempranillo-Grenache"|1|9.49
0890180200103|"Nag Champa Incense 40G"|1|3.49
0978094206474|"Home Composting Made Easy"|1|3.99
0978193365006|"Chinook Book 2008"|1|20
